Action type,Shot type,Shot zone,Shot distance,X,Y,Shot made flag
Step Back Jump shot,3PT Field Goal,Above the Break 3,24,226,90,1
Driving Floating Jump Shot,2PT Field Goal,In The Paint (Non-RA),6,-2,63,1
Driving Layup Shot,2PT Field Goal,Restricted Area,2,5,29,1
Driving Reverse Layup Shot,2PT Field Goal,Restricted Area,1,-6,18,0
Jump Shot,3PT Field Goal,Left Corner 3,22,-228,8,1
Driving Floating Bank Jump Shot,2PT Field Goal,Mid-Range,9,96,25,0
Jump Shot,3PT Field Goal,Above the Break 3,28,-204,195,1
Cutting Layup Shot,2PT Field Goal,Restricted Area,2,6,25,1
Driving Floating Jump Shot,2PT Field Goal,Mid-Range,12,113,52,0
Running Pull-Up Jump Shot,3PT Field Goal,Above the Break 3,28,25,281,1
Jump Shot,3PT Field Goal,Above the Break 3,28,5,282,1
Jump Shot,3PT Field Goal,Above the Break 3,26,-21,267,0
Step Back Jump shot,3PT Field Goal,Above the Break 3,26,144,221,0
Jump Shot,3PT Field Goal,Above the Break 3,25,18,257,0
Jump Shot,3PT Field Goal,Above the Break 3,26,199,173,0
Running Finger Roll Layup Shot,2PT Field Goal,Restricted Area,1,8,14,1
Driving Layup Shot,2PT Field Goal,In The Paint (Non-RA),5,7,51,0
Jump Shot,2PT Field Goal,Mid-Range,11,-112,0,0
Driving Layup Shot,2PT Field Goal,Restricted Area,2,6,25,1
Pullup Jump shot,2PT Field Goal,Mid-Range,17,38,171,1
Pullup Jump shot,2PT Field Goal,Mid-Range,16,-82,141,1
Pullup Jump shot,3PT Field Goal,Above the Break 3,24,212,132,0
Pullup Jump shot,2PT Field Goal,Mid-Range,16,-160,0,1
Driving Layup Shot,2PT Field Goal,In The Paint (Non-RA),7,57,46,0
Layup Shot,2PT Field Goal,Restricted Area,3,24,26,0
Jump Shot,2PT Field Goal,Mid-Range,19,104,164,1
Jump Shot,3PT Field Goal,Above the Break 3,24,171,179,1
Jump Shot,3PT Field Goal,Left Corner 3,23,-227,64,0
Layup Shot,2PT Field Goal,Restricted Area,1,-13,13,1
Jump Shot,3PT Field Goal,Above the Break 3,25,-137,214,1
Pullup Jump shot,2PT Field Goal,In The Paint (Non-RA),14,-50,132,0
Jump Shot,3PT Field Goal,Above the Break 3,24,161,185,0
Floating Jump shot,2PT Field Goal,In The Paint (Non-RA),13,-24,134,0
Driving Layup Shot,2PT Field Goal,Restricted Area,3,27,26,1
Driving Layup Shot,2PT Field Goal,Restricted Area,0,4,8,1
Step Back Jump shot,2PT Field Goal,Mid-Range,15,-154,27,1
Pullup Jump shot,2PT Field Goal,Mid-Range,9,97,17,1
Jump Shot,3PT Field Goal,Above the Break 3,24,-226,105,1
Step Back Jump shot,2PT Field Goal,Mid-Range,23,-46,233,0
Jump Shot,3PT Field Goal,Above the Break 3,24,156,193,1
Cutting Layup Shot,2PT Field Goal,Restricted Area,3,33,16,0
Step Back Jump shot,3PT Field Goal,Above the Break 3,25,135,211,0
Jump Shot,3PT Field Goal,Above the Break 3,25,101,231,1
Cutting Layup Shot,2PT Field Goal,Restricted Area,2,-27,13,0
Pullup Jump shot,3PT Field Goal,Above the Break 3,24,-68,239,0
Pullup Jump shot,3PT Field Goal,Above the Break 3,23,-149,188,0
Pullup Jump shot,3PT Field Goal,Above the Break 3,26,11,261,1
Driving Finger Roll Layup Shot,2PT Field Goal,Restricted Area,1,-6,9,1
Running Finger Roll Layup Shot,2PT Field Goal,Restricted Area,2,22,10,0
Fadeaway Jump Shot,3PT Field Goal,Left Corner 3,22,-228,-7,1
Driving Layup Shot,2PT Field Goal,Restricted Area,3,25,26,0
Pullup Jump shot,3PT Field Goal,Above the Break 3,24,92,224,0
Reverse Layup Shot,2PT Field Goal,Restricted Area,0,-4,8,0
Jump Shot,3PT Field Goal,Above the Break 3,25,46,249,0
Running Finger Roll Layup Shot,2PT Field Goal,In The Paint (Non-RA),4,31,26,1
Jump Shot,3PT Field Goal,Above the Break 3,25,106,227,0
Jump Shot,3PT Field Goal,Right Corner 3,23,231,43,0
Pullup Jump shot,2PT Field Goal,Mid-Range,19,-7,195,1
Jump Shot,3PT Field Goal,Above the Break 3,27,-160,223,0
Jump Shot,3PT Field Goal,Right Corner 3,22,222,10,1
Pullup Jump shot,3PT Field Goal,Above the Break 3,27,15,273,0
Jump Shot,3PT Field Goal,Above the Break 3,25,-132,217,1
Jump Shot,3PT Field Goal,Above the Break 3,24,169,175,1
Jump Shot,3PT Field Goal,Above the Break 3,25,81,237,1
Pullup Jump shot,3PT Field Goal,Above the Break 3,27,73,262,0
Driving Floating Bank Jump Shot,2PT Field Goal,Mid-Range,11,108,36,1
Step Back Jump shot,3PT Field Goal,Right Corner 3,23,220,83,0
Jump Shot,3PT Field Goal,Above the Break 3,26,-208,172,0
Driving Finger Roll Layup Shot,2PT Field Goal,In The Paint (Non-RA),4,-5,47,1
Jump Shot,3PT Field Goal,Above the Break 3,24,214,125,0
Driving Floating Bank Jump Shot,2PT Field Goal,Mid-Range,13,96,91,1
Jump Shot,3PT Field Goal,Above the Break 3,25,-49,252,0
Pullup Jump shot,3PT Field Goal,Left Corner 3,24,-234,71,0
Jump Shot,3PT Field Goal,Backcourt,54,-138,530,0
Step Back Jump shot,3PT Field Goal,Above the Break 3,25,174,188,1
Cutting Finger Roll Layup Shot,2PT Field Goal,Restricted Area,3,4,31,1
Step Back Jump shot,3PT Field Goal,Above the Break 3,26,139,223,1
Driving Finger Roll Layup Shot,2PT Field Goal,Restricted Area,2,0,29,1
Jump Shot,3PT Field Goal,Left Corner 3,22,-227,3,1
Jump Shot,3PT Field Goal,Above the Break 3,25,186,177,0
Driving Floating Jump Shot,2PT Field Goal,In The Paint (Non-RA),4,13,41,1
Pullup Jump shot,3PT Field Goal,Above the Break 3,25,-75,243,1
Pullup Jump shot,3PT Field Goal,Above the Break 3,26,96,245,1
Pullup Jump shot,3PT Field Goal,Above the Break 3,28,87,267,1
Jump Shot,3PT Field Goal,Above the Break 3,33,149,297,0
Pullup Jump shot,3PT Field Goal,Above the Break 3,25,154,197,1
Cutting Layup Shot,2PT Field Goal,Restricted Area,1,5,12,1
Step Back Jump shot,3PT Field Goal,Above the Break 3,28,-170,227,1
Driving Finger Roll Layup Shot,2PT Field Goal,Restricted Area,2,9,18,0
Running Jump Shot,3PT Field Goal,Above the Break 3,31,-154,272,1
Driving Finger Roll Layup Shot,2PT Field Goal,In The Paint (Non-RA),6,-11,62,1
Running Pull-Up Jump Shot,3PT Field Goal,Above the Break 3,33,-7,331,1
Pullup Jump shot,3PT Field Goal,Above the Break 3,28,82,278,1
Driving Layup Shot,2PT Field Goal,Restricted Area,1,6,16,0
Driving Finger Roll Layup Shot,2PT Field Goal,In The Paint (Non-RA),4,-7,47,1
Jump Shot,3PT Field Goal,Above the Break 3,27,101,256,0
Pullup Jump shot,3PT Field Goal,Left Corner 3,23,-234,29,0
Pullup Jump shot,3PT Field Goal,Above the Break 3,25,-223,123,1
Turnaround Fadeaway shot,2PT Field Goal,Mid-Range,18,179,50,1
Driving Floating Bank Jump Shot,2PT Field Goal,In The Paint (Non-RA),12,-51,110,0
Pullup Jump shot,3PT Field Goal,Above the Break 3,27,-10,271,1
Jump Shot,3PT Field Goal,Left Corner 3,22,-228,29,1
Pullup Jump shot,3PT Field Goal,Left Corner 3,22,-225,-12,1
Driving Finger Roll Layup Shot,2PT Field Goal,In The Paint (Non-RA),6,8,68,0
Turnaround Jump Shot,3PT Field Goal,Above the Break 3,31,-206,232,1
Jump Shot,3PT Field Goal,Left Corner 3,23,-230,-5,0
Pullup Jump shot,3PT Field Goal,Above the Break 3,31,0,313,1
Jump Shot,3PT Field Goal,Above the Break 3,34,8,347,0
Jump Shot,3PT Field Goal,Above the Break 3,31,-18,315,0
Cutting Layup Shot,2PT Field Goal,Restricted Area,0,-5,1,1
Jump Shot,3PT Field Goal,Above the Break 3,25,-60,243,1
Jump Shot,3PT Field Goal,Left Corner 3,22,-221,-13,1
Driving Layup Shot,2PT Field Goal,Restricted Area,0,3,4,1
Jump Shot,3PT Field Goal,Above the Break 3,23,-171,167,1
Jump Shot,3PT Field Goal,Above the Break 3,30,143,268,0
Jump Shot,2PT Field Goal,Mid-Range,20,-205,-34,0
Jump Shot,3PT Field Goal,Above the Break 3,25,-2,250,0
Jump Shot,3PT Field Goal,Above the Break 3,28,141,253,0
Driving Finger Roll Layup Shot,2PT Field Goal,Restricted Area,3,22,29,0
Jump Shot,3PT Field Goal,Above the Break 3,27,-84,265,1
Driving Finger Roll Layup Shot,2PT Field Goal,Restricted Area,2,11,18,1
Jump Shot,3PT Field Goal,Right Corner 3,23,222,83,1
Driving Layup Shot,2PT Field Goal,Restricted Area,1,6,12,0
Jump Shot,3PT Field Goal,Above the Break 3,26,154,212,0
Pullup Jump shot,2PT Field Goal,Mid-Range,19,-7,193,1
Jump Shot,3PT Field Goal,Above the Break 3,26,15,267,0
Jump Shot,3PT Field Goal,Above the Break 3,25,156,201,1
Pullup Jump shot,3PT Field Goal,Above the Break 3,24,-91,227,1
Jump Shot,3PT Field Goal,Left Corner 3,22,-226,14,1
Driving Floating Jump Shot,2PT Field Goal,Mid-Range,20,16,203,0
Jump Shot,3PT Field Goal,Above the Break 3,24,-182,167,1
Pullup Jump shot,2PT Field Goal,Mid-Range,19,39,188,0
Driving Layup Shot,2PT Field Goal,Restricted Area,2,-6,20,1
Pullup Jump shot,3PT Field Goal,Above the Break 3,25,11,252,0
Driving Floating Jump Shot,2PT Field Goal,Mid-Range,9,99,3,1
Running Layup Shot,2PT Field Goal,Restricted Area,1,-14,-6,1
Driving Floating Jump Shot,2PT Field Goal,Mid-Range,16,74,151,0
Pullup Jump shot,3PT Field Goal,Left Corner 3,22,-228,-10,1
Pullup Jump shot,3PT Field Goal,Above the Break 3,26,19,264,1
Jump Shot,3PT Field Goal,Above the Break 3,24,226,90,0
Pullup Jump shot,3PT Field Goal,Backcourt,45,121,440,0
Pullup Jump shot,2PT Field Goal,Mid-Range,20,-157,134,0
Jump Shot,3PT Field Goal,Above the Break 3,26,92,253,0
Running Layup Shot,2PT Field Goal,Restricted Area,1,14,-8,1
Jump Shot,3PT Field Goal,Above the Break 3,29,-165,241,1
Pullup Jump shot,3PT Field Goal,Above the Break 3,25,52,252,0
Driving Floating Jump Shot,2PT Field Goal,In The Paint (Non-RA),8,-8,86,0
Jump Shot,3PT Field Goal,Above the Break 3,26,-158,215,0
Jump Shot,3PT Field Goal,Right Corner 3,23,220,70,0
Jump Shot,3PT Field Goal,Left Corner 3,23,-231,-21,0
Pullup Jump shot,2PT Field Goal,Mid-Range,18,-16,183,0
Pullup Jump shot,3PT Field Goal,Above the Break 3,24,-30,247,1
Driving Layup Shot,2PT Field Goal,Restricted Area,1,11,-4,0
Running Layup Shot,2PT Field Goal,Restricted Area,1,-8,11,1
Jump Shot,3PT Field Goal,Above the Break 3,29,-122,267,1
Driving Layup Shot,2PT Field Goal,Restricted Area,2,22,-3,1
Jump Shot,3PT Field Goal,Above the Break 3,25,180,176,0
Jump Shot,3PT Field Goal,Right Corner 3,23,232,-5,0
Pullup Jump shot,2PT Field Goal,Mid-Range,20,-7,201,1
Layup Shot,2PT Field Goal,Restricted Area,1,4,18,1
Cutting Layup Shot,2PT Field Goal,Restricted Area,1,-18,4,1
Jump Shot,3PT Field Goal,Above the Break 3,25,146,206,1
Driving Finger Roll Layup Shot,2PT Field Goal,In The Paint (Non-RA),7,-68,36,1
Jump Shot,3PT Field Goal,Above the Break 3,29,8,299,1
Floating Jump shot,2PT Field Goal,In The Paint (Non-RA),7,-3,70,1
Running Finger Roll Layup Shot,2PT Field Goal,Restricted Area,2,-5,22,0
Jump Shot,3PT Field Goal,Above the Break 3,27,33,278,0
Pullup Jump shot,2PT Field Goal,Mid-Range,20,87,185,1
Jump Shot,3PT Field Goal,Above the Break 3,26,2,269,1
Driving Floating Jump Shot,2PT Field Goal,In The Paint (Non-RA),6,-16,59,0
Step Back Jump shot,3PT Field Goal,Above the Break 3,25,-150,206,1
Jump Shot,3PT Field Goal,Above the Break 3,27,63,263,0
Driving Reverse Layup Shot,2PT Field Goal,Restricted Area,2,1,20,0
Driving Finger Roll Layup Shot,2PT Field Goal,In The Paint (Non-RA),5,9,55,1
Jump Shot,3PT Field Goal,Left Corner 3,23,-230,-16,1
Jump Shot,3PT Field Goal,Above the Break 3,26,217,147,0
Driving Finger Roll Layup Shot,2PT Field Goal,Restricted Area,2,-5,26,1
Pullup Jump shot,3PT Field Goal,Above the Break 3,28,62,276,1
Turnaround Jump Shot,3PT Field Goal,Above the Break 3,30,116,279,1
Pullup Jump shot,3PT Field Goal,Above the Break 3,28,131,248,0
Step Back Jump shot,3PT Field Goal,Above the Break 3,26,142,218,1
Turnaround Jump Shot,2PT Field Goal,Mid-Range,22,-7,225,0
Driving Reverse Layup Shot,2PT Field Goal,Restricted Area,2,-17,20,1
Pullup Jump shot,3PT Field Goal,Above the Break 3,26,-18,262,1
Cutting Layup Shot,2PT Field Goal,Restricted Area,2,-2,22,0
Jump Shot,3PT Field Goal,Above the Break 3,27,-143,239,0
Jump Shot,3PT Field Goal,Above the Break 3,27,-169,216,0
Step Back Jump shot,2PT Field Goal,Mid-Range,19,3,190,1
Layup Shot,2PT Field Goal,Restricted Area,1,5,13,0
Jump Shot,2PT Field Goal,Mid-Range,19,-77,175,0
Driving Finger Roll Layup Shot,2PT Field Goal,Restricted Area,1,5,18,1
Jump Shot,3PT Field Goal,Above the Break 3,28,-183,220,1
Jump Shot,2PT Field Goal,In The Paint (Non-RA),5,55,22,0
Jump Shot,3PT Field Goal,Above the Break 3,26,116,242,0
Step Back Jump shot,2PT Field Goal,Mid-Range,17,-86,155,1
Jump Shot,3PT Field Goal,Above the Break 3,26,-190,182,0
Driving Layup Shot,2PT Field Goal,Restricted Area,2,-19,8,1
Jump Shot,2PT Field Goal,In The Paint (Non-RA),5,24,46,0
Pullup Jump shot,3PT Field Goal,Above the Break 3,24,185,168,1
Jump Shot,3PT Field Goal,Above the Break 3,29,171,235,0
Jump Shot,3PT Field Goal,Above the Break 3,27,76,263,0
Running Finger Roll Layup Shot,2PT Field Goal,Restricted Area,2,0,26,1
Jump Shot,3PT Field Goal,Left Corner 3,23,-230,1,0
Step Back Jump shot,3PT Field Goal,Above the Break 3,25,-220,122,1
Driving Layup Shot,2PT Field Goal,Restricted Area,2,11,21,1
Step Back Jump shot,3PT Field Goal,Above the Break 3,25,-138,214,0
Running Pull-Up Jump Shot,3PT Field Goal,Above the Break 3,31,-171,264,0
Jump Shot,2PT Field Goal,Mid-Range,21,93,197,0
Jump Shot,3PT Field Goal,Above the Break 3,28,146,244,0
Driving Floating Jump Shot,2PT Field Goal,Mid-Range,16,-78,151,0
Jump Shot,3PT Field Goal,Above the Break 3,31,-147,277,1
Fadeaway Jump Shot,2PT Field Goal,Mid-Range,19,-114,154,0
Running Layup Shot,2PT Field Goal,Restricted Area,2,-12,26,0
Layup Shot,2PT Field Goal,In The Paint (Non-RA),4,36,26,0
Jump Shot,2PT Field Goal,In The Paint (Non-RA),12,-8,127,1
Jump Shot,3PT Field Goal,Above the Break 3,25,-218,138,1
Jump Bank Shot,2PT Field Goal,Mid-Range,18,-100,157,0
Jump Shot,2PT Field Goal,Mid-Range,18,103,157,1
Running Finger Roll Layup Shot,2PT Field Goal,In The Paint (Non-RA),4,3,40,1
Jump Shot,3PT Field Goal,Above the Break 3,27,158,219,0
Driving Finger Roll Layup Shot,2PT Field Goal,Mid-Range,10,103,3,0
Running Jump Shot,3PT Field Goal,Above the Break 3,27,-205,179,1
Driving Finger Roll Layup Shot,2PT Field Goal,Restricted Area,2,-19,19,0
Turnaround Jump Shot,2PT Field Goal,In The Paint (Non-RA),11,-55,104,0
Layup Shot,2PT Field Goal,Restricted Area,3,14,31,1
Jump Shot,3PT Field Goal,Above the Break 3,28,158,236,0
Driving Floating Bank Jump Shot,2PT Field Goal,In The Paint (Non-RA),6,-49,38,1
Pullup Jump shot,3PT Field Goal,Above the Break 3,27,-57,267,0
Jump Shot,2PT Field Goal,Mid-Range,19,119,153,0
Pullup Jump shot,2PT Field Goal,Mid-Range,22,133,179,1
Pullup Jump shot,3PT Field Goal,Above the Break 3,26,40,257,0
Driving Floating Jump Shot,2PT Field Goal,Mid-Range,13,96,91,0
Pullup Jump shot,2PT Field Goal,Mid-Range,19,-98,169,1
Driving Layup Shot,2PT Field Goal,Restricted Area,2,17,20,0
Pullup Jump shot,2PT Field Goal,Mid-Range,18,88,165,0
Turnaround Jump Shot,2PT Field Goal,Mid-Range,18,188,25,1
Pullup Jump shot,3PT Field Goal,Above the Break 3,29,-150,253,0
Jump Shot,3PT Field Goal,Above the Break 3,28,-146,239,0
Pullup Jump shot,3PT Field Goal,Above the Break 3,27,-133,241,0
Jump Shot,3PT Field Goal,Above the Break 3,26,-131,231,0
Driving Layup Shot,2PT Field Goal,Restricted Area,2,-11,22,1
Driving Reverse Layup Shot,2PT Field Goal,Restricted Area,2,11,19,0
Pullup Jump shot,2PT Field Goal,Mid-Range,17,-167,36,0
Driving Floating Jump Shot,2PT Field Goal,In The Paint (Non-RA),14,76,125,1
Jump Shot,3PT Field Goal,Above the Break 3,29,158,250,0
Jump Shot,3PT Field Goal,Backcourt,49,-58,495,0
Jump Shot,3PT Field Goal,Above the Break 3,27,-133,244,1
Jump Shot,3PT Field Goal,Above the Break 3,27,-218,170,1
Driving Layup Shot,2PT Field Goal,In The Paint (Non-RA),5,-50,16,1
Turnaround Hook Shot,2PT Field Goal,In The Paint (Non-RA),10,24,106,0
Cutting Layup Shot,2PT Field Goal,Restricted Area,1,9,17,1
Layup Shot,2PT Field Goal,In The Paint (Non-RA),5,-44,28,0
Jump Shot,3PT Field Goal,Above the Break 3,28,-78,273,1
Jump Shot,3PT Field Goal,Above the Break 3,30,-117,278,0
Driving Layup Shot,2PT Field Goal,Restricted Area,3,-25,27,1
Driving Layup Shot,2PT Field Goal,In The Paint (Non-RA),4,35,31,0
Pullup Jump shot,2PT Field Goal,Mid-Range,22,-8,221,1
Layup Shot,2PT Field Goal,Restricted Area,3,15,28,1
Jump Shot,3PT Field Goal,Above the Break 3,25,-131,220,1
Jump Shot,3PT Field Goal,Left Corner 3,22,-222,-7,1
Jump Shot,3PT Field Goal,Above the Break 3,25,207,150,1
Driving Finger Roll Layup Shot,2PT Field Goal,Restricted Area,1,-4,17,1
Cutting Layup Shot,2PT Field Goal,Restricted Area,0,-4,8,1
Pullup Jump shot,3PT Field Goal,Above the Break 3,24,-33,247,1
Step Back Jump shot,3PT Field Goal,Above the Break 3,25,-127,221,0
Jump Shot,3PT Field Goal,Above the Break 3,25,137,215,0
Driving Reverse Layup Shot,2PT Field Goal,Restricted Area,0,-4,9,1
Pullup Jump shot,3PT Field Goal,Above the Break 3,25,23,252,0
Step Back Jump shot,3PT Field Goal,Above the Break 3,25,-35,248,0
Jump Shot,3PT Field Goal,Above the Break 3,25,-187,170,1
Driving Reverse Layup Shot,2PT Field Goal,Restricted Area,1,-6,13,0
Jump Shot,2PT Field Goal,Mid-Range,20,-201,36,0
Jump Shot,2PT Field Goal,Mid-Range,19,199,-11,0
Driving Layup Shot,2PT Field Goal,Restricted Area,1,0,12,1
Pullup Jump shot,3PT Field Goal,Above the Break 3,25,8,257,1
Pullup Jump shot,2PT Field Goal,Mid-Range,19,154,120,0
Jump Shot,3PT Field Goal,Above the Break 3,25,-136,213,1
Jump Shot,3PT Field Goal,Above the Break 3,28,-135,246,0
Running Finger Roll Layup Shot,2PT Field Goal,Restricted Area,2,12,19,1
Jump Shot,3PT Field Goal,Above the Break 3,26,-15,262,1
Jump Shot,3PT Field Goal,Right Corner 3,23,231,-4,1
Jump Shot,3PT Field Goal,Above the Break 3,32,190,269,1
Running Layup Shot,2PT Field Goal,Restricted Area,0,-5,4,1
Jump Shot,2PT Field Goal,Mid-Range,18,-103,148,0
Jump Shot,3PT Field Goal,Left Corner 3,22,-221,24,0
Jump Shot,3PT Field Goal,Above the Break 3,26,-172,208,1
Step Back Jump shot,3PT Field Goal,Above the Break 3,27,-192,193,1
Jump Shot,3PT Field Goal,Above the Break 3,32,-87,315,0
Step Back Jump shot,3PT Field Goal,Above the Break 3,27,-161,220,1
Driving Hook Shot,2PT Field Goal,Restricted Area,2,26,6,0
Jump Shot,3PT Field Goal,Above the Break 3,24,178,174,0
Driving Reverse Layup Shot,2PT Field Goal,Restricted Area,0,-2,-6,0
Jump Shot,3PT Field Goal,Above the Break 3,24,37,247,1
Jump Shot,3PT Field Goal,Above the Break 3,25,107,227,1
Jump Shot,3PT Field Goal,Above the Break 3,26,188,180,0
Pullup Jump shot,2PT Field Goal,Mid-Range,18,128,137,0
Jump Shot,3PT Field Goal,Above the Break 3,29,-191,226,1
Jump Shot,3PT Field Goal,Above the Break 3,26,-51,259,1
Driving Reverse Layup Shot,2PT Field Goal,Restricted Area,1,3,12,0
Jump Shot,3PT Field Goal,Above the Break 3,29,-196,221,0
Driving Finger Roll Layup Shot,2PT Field Goal,Restricted Area,0,-6,0,1
Pullup Jump shot,3PT Field Goal,Above the Break 3,27,-72,265,0
Reverse Layup Shot,2PT Field Goal,Restricted Area,1,-11,10,1
Step Back Jump shot,2PT Field Goal,Mid-Range,18,-123,132,0
Pullup Jump shot,2PT Field Goal,Mid-Range,15,22,158,0
Jump Shot,3PT Field Goal,Above the Break 3,27,101,253,0
Pullup Jump shot,3PT Field Goal,Above the Break 3,28,77,274,1
Jump Shot,3PT Field Goal,Above the Break 3,25,-106,232,0
Driving Layup Shot,2PT Field Goal,Restricted Area,2,-2,24,0
Pullup Jump shot,3PT Field Goal,Above the Break 3,25,234,110,1
Jump Shot,3PT Field Goal,Above the Break 3,27,130,246,0
Cutting Layup Shot,2PT Field Goal,Restricted Area,0,2,6,1
Pullup Jump shot,3PT Field Goal,Above the Break 3,26,-176,196,1
Jump Shot,3PT Field Goal,Above the Break 3,27,-141,235,0
Jump Shot,2PT Field Goal,Mid-Range,20,116,173,0
Driving Finger Roll Layup Shot,2PT Field Goal,Restricted Area,3,22,27,1
Jump Shot,3PT Field Goal,Above the Break 3,31,-24,310,0
Jump Shot,2PT Field Goal,In The Paint (Non-RA),4,-12,43,0
Jump Shot,3PT Field Goal,Right Corner 3,23,227,38,0
Fadeaway Jump Shot,3PT Field Goal,Left Corner 3,22,-225,37,1
Driving Floating Jump Shot,2PT Field Goal,Mid-Range,17,-130,117,0
Driving Floating Jump Shot,2PT Field Goal,In The Paint (Non-RA),6,2,69,1
Running Jump Shot,3PT Field Goal,Above the Break 3,27,37,275,0
Jump Shot,3PT Field Goal,Left Corner 3,22,-226,13,1
Jump Shot,3PT Field Goal,Above the Break 3,27,175,211,0
Pullup Jump shot,3PT Field Goal,Right Corner 3,24,230,69,1
Jump Shot,3PT Field Goal,Above the Break 3,25,-179,179,0
Running Layup Shot,2PT Field Goal,Restricted Area,1,-8,10,1
Driving Finger Roll Layup Shot,2PT Field Goal,In The Paint (Non-RA),9,-70,60,1
Pullup Jump shot,3PT Field Goal,Above the Break 3,25,-158,206,1
Driving Finger Roll Layup Shot,2PT Field Goal,Restricted Area,2,-22,14,0
Jump Shot,3PT Field Goal,Above the Break 3,29,3,299,1
Turnaround Jump Shot,3PT Field Goal,Above the Break 3,27,116,252,1
Fadeaway Jump Shot,2PT Field Goal,Mid-Range,19,170,89,1
Jump Shot,3PT Field Goal,Above the Break 3,29,19,298,0
Jump Shot,3PT Field Goal,Left Corner 3,23,-232,36,1
Pullup Jump shot,2PT Field Goal,Mid-Range,22,89,206,0
Jump Shot,3PT Field Goal,Left Corner 3,23,-231,23,0
Jump Shot,3PT Field Goal,Left Corner 3,23,-231,7,0
Step Back Jump shot,3PT Field Goal,Above the Break 3,25,151,211,1
Jump Shot,3PT Field Goal,Above the Break 3,26,-128,230,0
Layup Shot,2PT Field Goal,Restricted Area,3,9,32,0
Pullup Jump shot,2PT Field Goal,Mid-Range,17,95,152,1
Jump Shot,3PT Field Goal,Above the Break 3,26,-209,155,0
Jump Shot,3PT Field Goal,Above the Break 3,25,-169,193,0
Jump Shot,3PT Field Goal,Above the Break 3,25,165,192,0
Step Back Jump shot,2PT Field Goal,Mid-Range,12,-116,40,0
Step Back Jump shot,2PT Field Goal,Mid-Range,20,118,163,1
Jump Shot,3PT Field Goal,Above the Break 3,25,-193,159,0
Cutting Layup Shot,2PT Field Goal,Restricted Area,1,-14,5,1
Jump Shot,3PT Field Goal,Right Corner 3,23,236,18,1
Cutting Layup Shot,2PT Field Goal,Restricted Area,1,-8,8,0
Jump Shot,3PT Field Goal,Above the Break 3,24,216,118,1
Jump Bank Shot,2PT Field Goal,In The Paint (Non-RA),9,-60,68,1
Jump Shot,3PT Field Goal,Above the Break 3,25,-104,231,0
Jump Shot,3PT Field Goal,Above the Break 3,28,146,244,0
Jump Shot,3PT Field Goal,Left Corner 3,23,-229,37,1
Jump Shot,3PT Field Goal,Above the Break 3,25,200,162,0
Jump Shot,3PT Field Goal,Backcourt,61,-35,613,0
Jump Shot,3PT Field Goal,Above the Break 3,24,-162,184,1
Driving Finger Roll Layup Shot,2PT Field Goal,Restricted Area,2,-4,24,1
Jump Shot,3PT Field Goal,Right Corner 3,22,224,19,1
Step Back Jump shot,2PT Field Goal,Mid-Range,19,33,193,0
Step Back Jump shot,2PT Field Goal,Mid-Range,17,61,167,1
Fadeaway Jump Shot,2PT Field Goal,Mid-Range,19,132,140,0
Jump Shot,3PT Field Goal,Above the Break 3,25,137,210,0
Jump Shot,3PT Field Goal,Above the Break 3,27,163,222,0
Jump Shot,3PT Field Goal,Right Corner 3,23,230,42,0
Jump Shot,3PT Field Goal,Above the Break 3,25,-105,229,0
Running Layup Shot,2PT Field Goal,Restricted Area,0,-5,3,1
Jump Shot,3PT Field Goal,Above the Break 3,27,-165,223,0
Driving Finger Roll Layup Shot,2PT Field Goal,Restricted Area,2,-13,22,0
Driving Layup Shot,2PT Field Goal,Restricted Area,2,-23,18,1
Jump Shot,3PT Field Goal,Left Corner 3,23,-231,36,0
Jump Shot,3PT Field Goal,Above the Break 3,25,-228,122,0
Running Pull-Up Jump Shot,3PT Field Goal,Above the Break 3,30,-155,264,1
Jump Shot,3PT Field Goal,Above the Break 3,27,-181,205,0
Driving Floating Bank Jump Shot,2PT Field Goal,In The Paint (Non-RA),10,-55,88,1
Jump Shot,3PT Field Goal,Above the Break 3,25,-194,167,1
Step Back Jump shot,2PT Field Goal,Mid-Range,19,122,150,0
Driving Reverse Layup Shot,2PT Field Goal,Restricted Area,1,-16,8,1
Jump Shot,3PT Field Goal,Above the Break 3,28,141,248,1
Jump Shot,3PT Field Goal,Above the Break 3,27,95,261,0
Running Finger Roll Layup Shot,2PT Field Goal,Restricted Area,3,-4,30,0
Layup Shot,2PT Field Goal,Restricted Area,3,-2,36,0
Running Jump Shot,3PT Field Goal,Above the Break 3,26,-194,174,0
Pullup Jump shot,2PT Field Goal,Mid-Range,16,11,163,0
Driving Reverse Layup Shot,2PT Field Goal,Restricted Area,3,25,19,0
Jump Shot,3PT Field Goal,Left Corner 3,23,-228,57,1
Driving Layup Shot,2PT Field Goal,Restricted Area,1,-14,-6,1
Jump Shot,3PT Field Goal,Above the Break 3,25,234,98,1
Step Back Jump shot,3PT Field Goal,Above the Break 3,24,-162,185,1
Driving Layup Shot,2PT Field Goal,Restricted Area,3,34,11,1
Jump Shot,3PT Field Goal,Above the Break 3,25,-150,204,1
Driving Layup Shot,2PT Field Goal,Restricted Area,3,28,27,1
Driving Floating Jump Shot,2PT Field Goal,In The Paint (Non-RA),10,46,99,0
Fadeaway Jump Shot,3PT Field Goal,Right Corner 3,22,225,-8,0
Pullup Jump shot,3PT Field Goal,Above the Break 3,26,-203,167,0
Jump Shot,3PT Field Goal,Left Corner 3,23,-231,5,1
Driving Floating Bank Jump Shot,2PT Field Goal,Mid-Range,14,-115,84,1
Driving Floating Jump Shot,2PT Field Goal,Mid-Range,15,-93,128,0
Driving Layup Shot,2PT Field Goal,Restricted Area,3,-32,23,1
Cutting Layup Shot,2PT Field Goal,Restricted Area,2,24,4,1
Driving Layup Shot,2PT Field Goal,Restricted Area,3,0,31,0
Jump Shot,3PT Field Goal,Above the Break 3,25,-183,179,0
Running Layup Shot,2PT Field Goal,Restricted Area,2,20,5,1
Jump Shot,3PT Field Goal,Above the Break 3,26,-210,155,0
Jump Shot,3PT Field Goal,Above the Break 3,26,-210,164,0
Jump Shot,3PT Field Goal,Above the Break 3,28,117,259,0
Jump Shot,3PT Field Goal,Above the Break 3,31,-175,262,0
Turnaround Jump Shot,3PT Field Goal,Above the Break 3,27,-213,170,1
Jump Shot,3PT Field Goal,Above the Break 3,28,-136,254,1
Jump Shot,3PT Field Goal,Above the Break 3,31,-221,225,0
Jump Shot,2PT Field Goal,Mid-Range,19,125,147,1
Driving Finger Roll Layup Shot,2PT Field Goal,Restricted Area,3,-19,29,0
Jump Shot,2PT Field Goal,Mid-Range,18,172,62,0
Jump Shot,3PT Field Goal,Above the Break 3,27,-157,225,1
Jump Shot,3PT Field Goal,Right Corner 3,24,233,67,1
Jump Shot,3PT Field Goal,Left Corner 3,23,-228,57,0
Jump Shot,3PT Field Goal,Above the Break 3,28,177,223,0
Jump Shot,3PT Field Goal,Above the Break 3,27,92,260,0
Layup Shot,2PT Field Goal,Restricted Area,2,-19,21,0
Jump Shot,3PT Field Goal,Above the Break 3,25,-171,187,0
Jump Shot,3PT Field Goal,Above the Break 3,26,-154,215,0
Running Finger Roll Layup Shot,2PT Field Goal,Restricted Area,0,0,9,0
Jump Shot,3PT Field Goal,Above the Break 3,29,168,247,1
Jump Shot,3PT Field Goal,Above the Break 3,26,158,211,1
Jump Shot,3PT Field Goal,Left Corner 3,24,-231,74,0
Jump Shot,3PT Field Goal,Above the Break 3,26,-11,260,0
Running Layup Shot,2PT Field Goal,Restricted Area,2,15,20,1
Jump Shot,3PT Field Goal,Right Corner 3,23,230,46,0
Cutting Finger Roll Layup Shot,2PT Field Goal,Restricted Area,1,4,10,1
Jump Shot,3PT Field Goal,Above the Break 3,28,-142,243,0
Pullup Jump shot,3PT Field Goal,Above the Break 3,26,185,195,0
Pullup Jump shot,3PT Field Goal,Right Corner 3,23,230,13,1
Running Pull-Up Jump Shot,3PT Field Goal,Above the Break 3,27,68,267,0
Pullup Jump shot,3PT Field Goal,Above the Break 3,28,-128,258,1
Step Back Jump shot,2PT Field Goal,Mid-Range,19,-133,142,1
Running Pull-Up Jump Shot,3PT Field Goal,Above the Break 3,27,81,267,1
Driving Finger Roll Layup Shot,2PT Field Goal,Restricted Area,3,20,24,1
Jump Shot,3PT Field Goal,Above the Break 3,28,17,288,0
Jump Shot,3PT Field Goal,Above the Break 3,26,160,206,0
Pullup Jump shot,3PT Field Goal,Above the Break 3,25,-108,231,1
Driving Floating Bank Jump Shot,2PT Field Goal,Mid-Range,13,-92,103,1
Hook Shot,2PT Field Goal,In The Paint (Non-RA),7,-3,75,0
Running Pull-Up Jump Shot,3PT Field Goal,Above the Break 3,25,-163,195,0
Jump Shot,3PT Field Goal,Above the Break 3,26,175,195,0
Step Back Jump shot,3PT Field Goal,Left Corner 3,23,-232,14,1
Pullup Jump shot,3PT Field Goal,Above the Break 3,26,-130,226,1
Step Back Jump shot,3PT Field Goal,Above the Break 3,28,168,236,0
Driving Finger Roll Layup Shot,2PT Field Goal,Restricted Area,2,13,25,1
Jump Shot,2PT Field Goal,Mid-Range,18,-111,152,0
Jump Shot,3PT Field Goal,Above the Break 3,29,-147,256,0
Driving Finger Roll Layup Shot,2PT Field Goal,Restricted Area,3,-9,36,1
Step Back Jump shot,2PT Field Goal,Mid-Range,19,101,164,1
Jump Shot,3PT Field Goal,Above the Break 3,27,-197,191,0
Jump Shot,3PT Field Goal,Above the Break 3,27,156,225,0
Driving Finger Roll Layup Shot,2PT Field Goal,Restricted Area,1,5,16,1
Driving Floating Jump Shot,2PT Field Goal,Mid-Range,17,-157,73,0
Pullup Jump shot,2PT Field Goal,Mid-Range,20,-202,15,0
Jump Shot,3PT Field Goal,Left Corner 3,23,-231,13,0
Driving Floating Jump Shot,2PT Field Goal,In The Paint (Non-RA),9,7,99,0
Layup Shot,2PT Field Goal,Restricted Area,3,-21,32,0
Pullup Jump shot,3PT Field Goal,Above the Break 3,26,24,263,1
Pullup Jump shot,3PT Field Goal,Right Corner 3,23,234,19,1
Jump Shot,3PT Field Goal,Above the Break 3,29,168,237,0
Jump Shot,3PT Field Goal,Above the Break 3,26,187,194,0
Jump Shot,2PT Field Goal,Mid-Range,11,-100,46,0
Running Finger Roll Layup Shot,2PT Field Goal,In The Paint (Non-RA),8,16,85,1
Jump Shot,2PT Field Goal,Mid-Range,15,-152,10,0
Driving Floating Jump Shot,2PT Field Goal,In The Paint (Non-RA),6,12,67,1
Jump Shot,2PT Field Goal,Mid-Range,18,-184,14,1
Jump Shot,3PT Field Goal,Above the Break 3,26,198,173,0
Driving Floating Jump Shot,2PT Field Goal,In The Paint (Non-RA),12,8,129,1
Pullup Jump shot,3PT Field Goal,Above the Break 3,25,-143,215,1
Pullup Jump shot,3PT Field Goal,Above the Break 3,26,-60,253,1
Jump Bank Shot,2PT Field Goal,Mid-Range,14,134,61,0
Jump Shot,3PT Field Goal,Above the Break 3,41,197,362,0
Pullup Jump shot,3PT Field Goal,Above the Break 3,27,106,259,0
Driving Finger Roll Layup Shot,2PT Field Goal,Mid-Range,10,92,45,0
Jump Shot,3PT Field Goal,Above the Break 3,32,-136,293,1
Jump Shot,3PT Field Goal,Above the Break 3,27,71,269,0
Jump Shot,3PT Field Goal,Right Corner 3,23,228,60,0
Jump Shot,2PT Field Goal,Mid-Range,17,3,176,0
Step Back Jump shot,3PT Field Goal,Above the Break 3,31,-145,283,1
Jump Shot,3PT Field Goal,Above the Break 3,28,-19,288,0
Running Pull-Up Jump Shot,3PT Field Goal,Above the Break 3,27,183,199,0
Running Layup Shot,2PT Field Goal,Restricted Area,3,-11,38,1
Pullup Jump shot,3PT Field Goal,Above the Break 3,25,207,147,1
Jump Shot,3PT Field Goal,Above the Break 3,27,201,190,0
Step Back Jump shot,3PT Field Goal,Above the Break 3,26,201,170,1
Jump Shot,3PT Field Goal,Above the Break 3,29,-72,291,0
Jump Shot,2PT Field Goal,Mid-Range,20,-99,174,0
Turnaround Jump Shot,2PT Field Goal,Mid-Range,19,131,149,0
Driving Floating Jump Shot,2PT Field Goal,In The Paint (Non-RA),13,65,115,1
Pullup Jump shot,3PT Field Goal,Above the Break 3,25,126,225,0
Driving Finger Roll Layup Shot,2PT Field Goal,Restricted Area,2,23,5,0
Pullup Jump shot,2PT Field Goal,Mid-Range,21,50,210,1
Turnaround Fadeaway shot,2PT Field Goal,In The Paint (Non-RA),13,38,131,1
Running Pull-Up Jump Shot,3PT Field Goal,Above the Break 3,25,-180,187,1
Jump Shot,3PT Field Goal,Left Corner 3,23,-226,75,0
Pullup Jump shot,2PT Field Goal,Mid-Range,17,-155,74,0
Jump Shot,3PT Field Goal,Above the Break 3,27,-171,216,0
Jump Shot,3PT Field Goal,Above the Break 3,25,-188,169,1
Running Pull-Up Jump Shot,3PT Field Goal,Above the Break 3,25,26,254,0
Driving Floating Bank Jump Shot,2PT Field Goal,In The Paint (Non-RA),10,-71,74,0
Running Pull-Up Jump Shot,3PT Field Goal,Above the Break 3,26,131,236,0
Jump Shot,3PT Field Goal,Left Corner 3,22,-223,16,0
Pullup Jump shot,2PT Field Goal,Mid-Range,16,24,164,1
Reverse Layup Shot,2PT Field Goal,Restricted Area,0,-4,9,0
Pullup Jump shot,3PT Field Goal,Above the Break 3,25,12,251,0
Jump Bank Shot,2PT Field Goal,Restricted Area,3,-30,15,1
Driving Finger Roll Layup Shot,2PT Field Goal,Restricted Area,0,-9,0,1
Running Layup Shot,2PT Field Goal,Restricted Area,0,-3,5,1
Pullup Jump shot,3PT Field Goal,Above the Break 3,25,-188,166,1
Jump Shot,2PT Field Goal,Mid-Range,15,-87,130,0
Running Pull-Up Jump Shot,3PT Field Goal,Above the Break 3,25,-161,199,0
Pullup Jump shot,2PT Field Goal,Mid-Range,19,142,140,1
Driving Floating Jump Shot,2PT Field Goal,In The Paint (Non-RA),13,61,117,1
Jump Shot,3PT Field Goal,Above the Break 3,26,24,259,1
Pullup Jump shot,3PT Field Goal,Above the Break 3,25,82,238,1
Jump Shot,3PT Field Goal,Above the Break 3,25,174,180,0
Running Layup Shot,2PT Field Goal,Restricted Area,0,4,-3,1
Jump Shot,3PT Field Goal,Left Corner 3,23,-230,31,1
Jump Shot,3PT Field Goal,Left Corner 3,23,-230,29,1
Jump Shot,3PT Field Goal,Above the Break 3,27,-1,275,0
Jump Shot,3PT Field Goal,Left Corner 3,23,-225,62,0
Jump Shot,3PT Field Goal,Above the Break 3,29,-47,291,0
Jump Shot,3PT Field Goal,Above the Break 3,27,-57,265,0
Running Finger Roll Layup Shot,2PT Field Goal,Restricted Area,3,3,37,1
Step Back Jump shot,3PT Field Goal,Above the Break 3,26,-219,143,1
Cutting Layup Shot,2PT Field Goal,Restricted Area,2,9,21,1
Jump Shot,3PT Field Goal,Above the Break 3,26,190,180,0
Running Finger Roll Layup Shot,2PT Field Goal,Restricted Area,3,-24,20,1
Jump Shot,3PT Field Goal,Above the Break 3,31,-120,290,1
Jump Shot,2PT Field Goal,Mid-Range,15,-2,158,1
Cutting Layup Shot,2PT Field Goal,Restricted Area,1,-10,10,1
Pullup Jump shot,3PT Field Goal,Right Corner 3,23,230,27,1
Jump Shot,3PT Field Goal,Right Corner 3,23,230,-1,0
Step Back Jump shot,2PT Field Goal,Mid-Range,20,-145,147,0
Running Jump Shot,3PT Field Goal,Above the Break 3,27,-190,204,1
Driving Finger Roll Layup Shot,2PT Field Goal,Restricted Area,3,-26,17,1
Jump Shot,3PT Field Goal,Above the Break 3,26,-154,213,0
Jump Shot,3PT Field Goal,Above the Break 3,27,188,194,0
Hook Shot,2PT Field Goal,In The Paint (Non-RA),5,11,58,0
Driving Finger Roll Layup Shot,2PT Field Goal,In The Paint (Non-RA),7,-4,73,1
Jump Shot,3PT Field Goal,Above the Break 3,27,209,171,0
Jump Shot,3PT Field Goal,Above the Break 3,28,73,278,0
Jump Shot,3PT Field Goal,Backcourt,71,0,714,0
Driving Layup Shot,2PT Field Goal,Restricted Area,1,-6,11,1
Running Pull-Up Jump Shot,3PT Field Goal,Left Corner 3,23,-230,-7,1
Driving Floating Jump Shot,2PT Field Goal,Mid-Range,12,100,73,0
Jump Shot,2PT Field Goal,Mid-Range,17,-165,67,1
Jump Shot,3PT Field Goal,Above the Break 3,25,178,178,0
Pullup Jump shot,3PT Field Goal,Above the Break 3,25,-177,178,1
Jump Shot,3PT Field Goal,Above the Break 3,25,188,169,1
Jump Shot,3PT Field Goal,Above the Break 3,27,-6,274,1
Step Back Jump shot,2PT Field Goal,Mid-Range,19,-137,138,1
Jump Shot,3PT Field Goal,Above the Break 3,24,-228,89,0
Jump Shot,3PT Field Goal,Above the Break 3,25,-161,202,1
Jump Shot,2PT Field Goal,Mid-Range,21,-198,76,1
Running Layup Shot,2PT Field Goal,Restricted Area,2,-20,15,0
Jump Shot,3PT Field Goal,Above the Break 3,25,-116,224,1
Jump Shot,3PT Field Goal,Above the Break 3,25,181,173,1
Pullup Jump shot,3PT Field Goal,Above the Break 3,25,61,248,0
Jump Shot,3PT Field Goal,Above the Break 3,24,149,198,0
Jump Shot,3PT Field Goal,Above the Break 3,24,-97,222,0
Pullup Jump shot,3PT Field Goal,Above the Break 3,24,30,243,1
Pullup Jump shot,3PT Field Goal,Above the Break 3,25,87,241,0
Jump Shot,3PT Field Goal,Right Corner 3,23,234,43,0
Pullup Jump shot,3PT Field Goal,Above the Break 3,27,-57,264,1
Jump Shot,3PT Field Goal,Above the Break 3,26,84,247,1
Driving Floating Jump Shot,2PT Field Goal,In The Paint (Non-RA),4,3,40,1
Step Back Jump shot,2PT Field Goal,Mid-Range,22,90,204,0
Jump Shot,3PT Field Goal,Above the Break 3,27,149,231,1
Jump Shot,3PT Field Goal,Above the Break 3,25,-223,114,0
Cutting Layup Shot,2PT Field Goal,Restricted Area,1,-19,5,1
Jump Shot,3PT Field Goal,Above the Break 3,25,103,236,0
Jump Shot,3PT Field Goal,Left Corner 3,22,-226,-10,0
Jump Shot,2PT Field Goal,In The Paint (Non-RA),8,-32,84,0
Turnaround Fadeaway shot,3PT Field Goal,Left Corner 3,23,-232,57,1
Pullup Jump shot,3PT Field Goal,Above the Break 3,25,-230,99,0
Jump Shot,3PT Field Goal,Above the Break 3,24,227,99,0
Jump Shot,3PT Field Goal,Above the Break 3,25,128,222,0
Layup Shot,2PT Field Goal,Restricted Area,1,-5,17,0
Jump Shot,3PT Field Goal,Above the Break 3,27,-9,275,1
Jump Shot,3PT Field Goal,Above the Break 3,25,174,191,0
Driving Finger Roll Layup Shot,2PT Field Goal,Mid-Range,9,86,45,1
Layup Shot,2PT Field Goal,Restricted Area,2,0,26,0
Turnaround Jump Shot,3PT Field Goal,Above the Break 3,27,166,217,1
Layup Shot,2PT Field Goal,Restricted Area,2,3,22,1
Jump Shot,2PT Field Goal,Mid-Range,21,193,94,0
Jump Shot,3PT Field Goal,Above the Break 3,27,-192,195,0
Jump Shot,2PT Field Goal,In The Paint (Non-RA),7,-4,73,0
Jump Shot,3PT Field Goal,Above the Break 3,27,171,215,0
Jump Shot,3PT Field Goal,Above the Break 3,27,103,260,0
Jump Shot,3PT Field Goal,Above the Break 3,28,89,266,0
Jump Shot,3PT Field Goal,Above the Break 3,26,-179,193,0
Driving Finger Roll Layup Shot,2PT Field Goal,Restricted Area,2,-19,13,1
Jump Shot,2PT Field Goal,Mid-Range,17,176,-2,1
Jump Shot,3PT Field Goal,Above the Break 3,27,-2,278,0
Jump Shot,3PT Field Goal,Above the Break 3,25,-205,150,0
Jump Shot,3PT Field Goal,Above the Break 3,27,-188,198,1
Pullup Jump shot,3PT Field Goal,Above the Break 3,25,-172,190,0
Reverse Layup Shot,2PT Field Goal,Restricted Area,1,-8,16,1
Reverse Layup Shot,2PT Field Goal,Restricted Area,2,23,17,1
Jump Shot,3PT Field Goal,Above the Break 3,26,160,206,0
Step Back Jump shot,3PT Field Goal,Above the Break 3,27,168,221,1
Jump Shot,3PT Field Goal,Above the Break 3,26,212,153,1
Jump Shot,3PT Field Goal,Above the Break 3,28,124,254,1
Jump Shot,3PT Field Goal,Above the Break 3,28,165,231,0
Driving Floating Jump Shot,2PT Field Goal,In The Paint (Non-RA),12,-52,117,1
Jump Shot,3PT Field Goal,Above the Break 3,30,-8,300,0
Pullup Jump shot,3PT Field Goal,Right Corner 3,23,228,52,1
Driving Reverse Layup Shot,2PT Field Goal,Restricted Area,0,-3,4,1
Jump Shot,3PT Field Goal,Above the Break 3,25,95,239,1
Fadeaway Jump Shot,2PT Field Goal,Mid-Range,20,-205,11,0
Tip Layup Shot,2PT Field Goal,Restricted Area,0,0,-6,0
Jump Shot,3PT Field Goal,Right Corner 3,22,221,30,1
Driving Finger Roll Layup Shot,2PT Field Goal,Restricted Area,1,14,5,1
Jump Shot,3PT Field Goal,Above the Break 3,25,-11,252,0
Pullup Jump shot,3PT Field Goal,Above the Break 3,25,-59,246,1
Pullup Jump shot,3PT Field Goal,Above the Break 3,25,71,243,1
Pullup Jump shot,3PT Field Goal,Above the Break 3,25,115,229,0
Step Back Jump shot,2PT Field Goal,Mid-Range,21,76,204,0
Jump Shot,3PT Field Goal,Above the Break 3,25,181,173,0
Driving Floating Bank Jump Shot,2PT Field Goal,Restricted Area,2,23,19,1
Jump Shot,3PT Field Goal,Above the Break 3,25,20,252,1
Pullup Jump shot,2PT Field Goal,Mid-Range,11,-102,57,0
Step Back Jump shot,2PT Field Goal,Mid-Range,20,-193,77,1
Step Back Jump shot,3PT Field Goal,Above the Break 3,28,-191,207,1
Step Back Jump shot,3PT Field Goal,Above the Break 3,25,42,251,0
Jump Shot,3PT Field Goal,Above the Break 3,25,-188,167,1
Step Back Jump shot,3PT Field Goal,Above the Break 3,25,192,168,0
Driving Floating Jump Shot,2PT Field Goal,In The Paint (Non-RA),7,74,17,1
Driving Finger Roll Layup Shot,2PT Field Goal,Restricted Area,1,-14,12,0
Step Back Jump shot,3PT Field Goal,Above the Break 3,24,184,167,1
Step Back Jump shot,3PT Field Goal,Above the Break 3,25,-152,205,0
Jump Shot,3PT Field Goal,Above the Break 3,25,216,126,1
Jump Shot,3PT Field Goal,Above the Break 3,25,-8,257,0
Pullup Jump shot,2PT Field Goal,Mid-Range,16,91,143,0
Pullup Jump shot,3PT Field Goal,Above the Break 3,25,-223,123,1
Fadeaway Jump Shot,3PT Field Goal,Above the Break 3,25,101,238,0
Driving Floating Jump Shot,2PT Field Goal,In The Paint (Non-RA),12,40,122,1
Pullup Jump shot,3PT Field Goal,Above the Break 3,27,38,272,1
Driving Floating Bank Jump Shot,2PT Field Goal,In The Paint (Non-RA),4,-43,23,0
Step Back Jump shot,3PT Field Goal,Above the Break 3,24,-215,114,1
Jump Shot,3PT Field Goal,Above the Break 3,26,133,227,0
Jump Shot,3PT Field Goal,Right Corner 3,22,228,-11,1
Pullup Jump shot,3PT Field Goal,Above the Break 3,27,-78,261,1
Turnaround Fadeaway shot,3PT Field Goal,Right Corner 3,22,221,11,0
Pullup Jump shot,3PT Field Goal,Above the Break 3,24,-199,135,1
Step Back Jump shot,3PT Field Goal,Left Corner 3,22,-220,-13,0
Driving Layup Shot,2PT Field Goal,Restricted Area,2,3,20,0
Jump Shot,3PT Field Goal,Above the Break 3,24,-190,158,0
Layup Shot,2PT Field Goal,Restricted Area,2,-14,25,0
Driving Layup Shot,2PT Field Goal,Mid-Range,20,-204,13,1
Jump Shot,3PT Field Goal,Above the Break 3,25,-170,191,0
Jump Shot,3PT Field Goal,Right Corner 3,22,227,32,1
Driving Floating Jump Shot,2PT Field Goal,In The Paint (Non-RA),9,51,76,0
Jump Shot,3PT Field Goal,Above the Break 3,24,199,139,1
Step Back Jump shot,2PT Field Goal,Mid-Range,18,117,147,1
Jump Shot,3PT Field Goal,Above the Break 3,30,-172,254,1
Jump Shot,3PT Field Goal,Above the Break 3,29,112,275,1
Jump Shot,3PT Field Goal,Above the Break 3,29,-127,269,0
Step Back Jump shot,3PT Field Goal,Above the Break 3,28,74,272,1
Jump Shot,3PT Field Goal,Above the Break 3,29,26,293,0
Jump Shot,3PT Field Goal,Above the Break 3,27,-213,175,0
Jump Shot,2PT Field Goal,Mid-Range,19,-96,172,0
Running Pull-Up Jump Shot,3PT Field Goal,Above the Break 3,29,147,253,1
Jump Shot,3PT Field Goal,Above the Break 3,27,-36,268,0
Jump Shot,3PT Field Goal,Above the Break 3,27,190,199,0
Jump Shot,3PT Field Goal,Above the Break 3,26,100,245,1
Floating Jump shot,2PT Field Goal,In The Paint (Non-RA),9,-27,95,0
Layup Shot,2PT Field Goal,Restricted Area,2,-13,16,1
Jump Shot,3PT Field Goal,Above the Break 3,25,-150,209,1
Pullup Jump shot,3PT Field Goal,Above the Break 3,24,106,226,1
Running Pull-Up Jump Shot,3PT Field Goal,Above the Break 3,25,-150,211,1
Jump Shot,3PT Field Goal,Above the Break 3,27,110,253,1
Pullup Jump shot,3PT Field Goal,Above the Break 3,27,17,277,1
Pullup Jump shot,3PT Field Goal,Above the Break 3,31,67,303,1
Jump Shot,3PT Field Goal,Above the Break 3,26,107,246,0
Jump Shot,3PT Field Goal,Above the Break 3,27,-163,216,0
Driving Layup Shot,2PT Field Goal,Restricted Area,3,-20,25,0
Driving Finger Roll Layup Shot,2PT Field Goal,Mid-Range,9,84,40,1
Step Back Jump shot,3PT Field Goal,Above the Break 3,29,217,203,0
Jump Shot,3PT Field Goal,Above the Break 3,24,149,197,0
Jump Shot,3PT Field Goal,Above the Break 3,25,-128,216,1
Running Layup Shot,2PT Field Goal,Restricted Area,1,14,11,1
Jump Shot,3PT Field Goal,Left Corner 3,23,-235,22,1
Pullup Jump shot,3PT Field Goal,Above the Break 3,25,-150,211,0
Jump Shot,3PT Field Goal,Right Corner 3,22,228,-9,0
Jump Shot,3PT Field Goal,Right Corner 3,22,226,7,0
Step Back Jump shot,3PT Field Goal,Above the Break 3,29,-202,221,1
Cutting Layup Shot,2PT Field Goal,Restricted Area,2,20,11,1
Jump Shot,3PT Field Goal,Right Corner 3,24,232,83,0
Turnaround Fadeaway shot,2PT Field Goal,Mid-Range,11,-119,13,0
Running Finger Roll Layup Shot,2PT Field Goal,Restricted Area,2,20,15,1
Jump Shot,2PT Field Goal,Mid-Range,11,-116,17,1
Jump Shot,3PT Field Goal,Above the Break 3,25,-172,190,0
Driving Layup Shot,2PT Field Goal,Restricted Area,2,-20,14,1
Jump Shot,3PT Field Goal,Above the Break 3,30,36,303,0
Running Finger Roll Layup Shot,2PT Field Goal,Restricted Area,1,-6,13,1
Running Pull-Up Jump Shot,2PT Field Goal,Mid-Range,19,-52,189,1
Jump Shot,3PT Field Goal,Above the Break 3,28,-111,260,0
Jump Shot,3PT Field Goal,Above the Break 3,27,-174,214,0
Pullup Jump shot,3PT Field Goal,Above the Break 3,28,-163,239,1
Jump Shot,3PT Field Goal,Above the Break 3,25,120,228,0
Jump Shot,3PT Field Goal,Right Corner 3,24,233,75,0
Driving Layup Shot,2PT Field Goal,Restricted Area,1,14,12,1
Jump Shot,3PT Field Goal,Above the Break 3,25,163,196,0
Jump Shot,3PT Field Goal,Right Corner 3,24,241,0,0
Pullup Jump shot,3PT Field Goal,Above the Break 3,38,40,385,0
Jump Shot,3PT Field Goal,Left Corner 3,23,-232,0,1
Jump Shot,3PT Field Goal,Left Corner 3,22,-221,-5,0
Jump Shot,3PT Field Goal,Above the Break 3,24,-158,192,0
Step Back Jump shot,2PT Field Goal,Mid-Range,18,-118,146,0
Jump Shot,3PT Field Goal,Above the Break 3,27,-141,232,0
Driving Layup Shot,2PT Field Goal,In The Paint (Non-RA),6,52,30,1
Driving Layup Shot,2PT Field Goal,In The Paint (Non-RA),7,35,61,0
Driving Floating Bank Jump Shot,2PT Field Goal,Mid-Range,9,-81,56,1
Pullup Jump shot,3PT Field Goal,Above the Break 3,35,172,315,0
Driving Layup Shot,2PT Field Goal,Restricted Area,3,-35,19,1
Pullup Jump shot,2PT Field Goal,Mid-Range,18,152,111,1
Jump Shot,3PT Field Goal,Above the Break 3,26,-167,210,1
Driving Reverse Layup Shot,2PT Field Goal,Restricted Area,3,-24,21,1
Driving Finger Roll Layup Shot,2PT Field Goal,Restricted Area,1,1,14,1
Pullup Jump shot,3PT Field Goal,Above the Break 3,29,83,283,0
Jump Shot,3PT Field Goal,Left Corner 3,22,-229,-2,1
Cutting Layup Shot,2PT Field Goal,Restricted Area,1,11,4,1
Jump Shot,3PT Field Goal,Left Corner 3,22,-229,-14,0
Cutting Layup Shot,2PT Field Goal,Restricted Area,2,24,13,1
Driving Finger Roll Layup Shot,2PT Field Goal,Restricted Area,2,-2,25,1
Driving Finger Roll Layup Shot,2PT Field Goal,Restricted Area,1,8,12,0
Step Back Jump shot,2PT Field Goal,Mid-Range,17,150,90,1
Pullup Jump shot,3PT Field Goal,Above the Break 3,31,-126,290,0
Pullup Jump shot,2PT Field Goal,Mid-Range,16,74,147,1
Driving Reverse Layup Shot,2PT Field Goal,Restricted Area,2,-2,26,1
Pullup Jump shot,2PT Field Goal,In The Paint (Non-RA),9,74,58,0
Step Back Jump shot,3PT Field Goal,Above the Break 3,29,-130,262,0
Driving Reverse Layup Shot,2PT Field Goal,Restricted Area,1,9,11,0
Driving Layup Shot,2PT Field Goal,Restricted Area,3,-38,8,0
Jump Shot,3PT Field Goal,Above the Break 3,26,191,178,0
Pullup Jump shot,3PT Field Goal,Above the Break 3,26,181,198,0
Pullup Jump shot,3PT Field Goal,Above the Break 3,27,148,227,0
Jump Shot,3PT Field Goal,Above the Break 3,26,217,153,1
Jump Shot,3PT Field Goal,Right Corner 3,24,240,64,1
Jump Shot,3PT Field Goal,Above the Break 3,25,-211,135,1
Jump Shot,3PT Field Goal,Above the Break 3,26,187,192,1
Step Back Jump shot,3PT Field Goal,Above the Break 3,25,-187,177,1
Cutting Layup Shot,2PT Field Goal,Restricted Area,1,-16,11,1
Jump Shot,3PT Field Goal,Above the Break 3,26,166,204,0
Jump Shot,3PT Field Goal,Above the Break 3,25,235,101,0
Pullup Jump shot,3PT Field Goal,Above the Break 3,26,189,185,1
Driving Finger Roll Layup Shot,2PT Field Goal,In The Paint (Non-RA),5,43,26,0
Jump Shot,3PT Field Goal,Above the Break 3,28,106,262,0
Cutting Finger Roll Layup Shot,2PT Field Goal,Restricted Area,0,0,5,1
Jump Shot,3PT Field Goal,Above the Break 3,26,226,132,1
Jump Shot,3PT Field Goal,Left Corner 3,22,-227,-25,1
Driving Floating Bank Jump Shot,2PT Field Goal,In The Paint (Non-RA),5,-44,29,1
Step Back Jump shot,2PT Field Goal,Mid-Range,19,77,184,1
Pullup Jump shot,3PT Field Goal,Above the Break 3,27,-177,209,1
Driving Layup Shot,2PT Field Goal,Restricted Area,2,18,16,1
Jump Shot,3PT Field Goal,Left Corner 3,23,-232,-23,1
Pullup Jump shot,2PT Field Goal,Mid-Range,23,163,169,0
Pullup Jump shot,3PT Field Goal,Above the Break 3,26,-125,234,1
Jump Shot,3PT Field Goal,Above the Break 3,27,-177,216,1
Pullup Jump shot,3PT Field Goal,Above the Break 3,25,205,152,0
Jump Shot,3PT Field Goal,Right Corner 3,23,239,7,0
Cutting Layup Shot,2PT Field Goal,Restricted Area,3,-1,31,1
Driving Finger Roll Layup Shot,2PT Field Goal,Restricted Area,1,4,17,0
Pullup Jump shot,3PT Field Goal,Above the Break 3,27,176,207,1
Pullup Jump shot,3PT Field Goal,Above the Break 3,28,190,206,1
Step Back Jump shot,2PT Field Goal,Mid-Range,21,-156,149,0
Driving Floating Bank Jump Shot,2PT Field Goal,Mid-Range,10,96,32,1
Pullup Jump shot,3PT Field Goal,Above the Break 3,25,193,174,1
Jump Shot,3PT Field Goal,Above the Break 3,31,-168,267,1
Jump Shot,3PT Field Goal,Above the Break 3,24,-224,107,1
Jump Shot,3PT Field Goal,Above the Break 3,28,168,233,0
Jump Shot,3PT Field Goal,Above the Break 3,24,222,113,1
Jump Shot,3PT Field Goal,Backcourt,65,95,645,0
Driving Layup Shot,2PT Field Goal,Restricted Area,3,22,24,0
Running Pull-Up Jump Shot,3PT Field Goal,Above the Break 3,26,144,227,1
Jump Shot,3PT Field Goal,Above the Break 3,26,-187,183,0
Layup Shot,2PT Field Goal,Restricted Area,2,2,22,1
Jump Shot,3PT Field Goal,Above the Break 3,26,-69,261,1
Jump Shot,3PT Field Goal,Above the Break 3,29,157,246,0
Jump Shot,3PT Field Goal,Above the Break 3,26,14,263,0
Driving Floating Jump Shot,2PT Field Goal,In The Paint (Non-RA),7,0,74,0
Running Pull-Up Jump Shot,3PT Field Goal,Above the Break 3,26,-143,219,0
Jump Bank Shot,2PT Field Goal,Mid-Range,16,-117,121,1
Pullup Jump shot,3PT Field Goal,Left Corner 3,22,-225,0,1
Jump Shot,3PT Field Goal,Above the Break 3,27,34,274,0
Running Layup Shot,2PT Field Goal,Restricted Area,2,-13,16,0
Jump Shot,3PT Field Goal,Above the Break 3,26,-107,239,1
Jump Shot,3PT Field Goal,Above the Break 3,29,-165,247,0
Running Finger Roll Layup Shot,2PT Field Goal,Mid-Range,10,-92,52,0
Jump Shot,3PT Field Goal,Right Corner 3,23,223,59,0
Jump Shot,3PT Field Goal,Above the Break 3,26,185,185,0
Jump Shot,3PT Field Goal,Above the Break 3,29,-154,254,0
Jump Shot,3PT Field Goal,Above the Break 3,26,62,254,0
Hook Shot,2PT Field Goal,Mid-Range,14,130,57,0
Jump Shot,3PT Field Goal,Above the Break 3,27,176,207,0
Driving Finger Roll Layup Shot,2PT Field Goal,In The Paint (Non-RA),5,46,36,0
Driving Finger Roll Layup Shot,2PT Field Goal,Restricted Area,1,-4,14,1
Pullup Jump shot,3PT Field Goal,Above the Break 3,27,175,218,1
Pullup Jump shot,3PT Field Goal,Above the Break 3,26,-196,180,1
Jump Shot,3PT Field Goal,Above the Break 3,27,-201,192,0
Driving Finger Roll Layup Shot,2PT Field Goal,Mid-Range,11,-87,73,1
Jump Shot,3PT Field Goal,Above the Break 3,37,187,321,0
Cutting Layup Shot,2PT Field Goal,Restricted Area,1,5,13,1
Jump Shot,2PT Field Goal,Mid-Range,18,120,145,0
Jump Shot,2PT Field Goal,Mid-Range,22,-186,125,0
Step Back Jump shot,2PT Field Goal,In The Paint (Non-RA),7,-18,77,0
Jump Shot,3PT Field Goal,Above the Break 3,27,128,245,0
Cutting Layup Shot,2PT Field Goal,Restricted Area,1,-14,14,1
Jump Shot,3PT Field Goal,Above the Break 3,25,-152,210,0
Jump Shot,3PT Field Goal,Left Corner 3,22,-226,4,1
Running Finger Roll Layup Shot,2PT Field Goal,Restricted Area,2,-19,15,1
Pullup Jump shot,3PT Field Goal,Right Corner 3,22,227,33,1
Cutting Layup Shot,2PT Field Goal,Restricted Area,1,5,12,1
Layup Shot,2PT Field Goal,Restricted Area,1,-3,18,1
Running Pull-Up Jump Shot,3PT Field Goal,Above the Break 3,28,194,202,1
Jump Shot,3PT Field Goal,Left Corner 3,24,-242,0,0
Jump Shot,2PT Field Goal,Mid-Range,20,-209,16,0
Jump Shot,3PT Field Goal,Above the Break 3,26,152,221,0
Layup Shot,2PT Field Goal,Restricted Area,2,23,4,0
Driving Reverse Layup Shot,2PT Field Goal,Restricted Area,0,3,3,0
Running Pull-Up Jump Shot,3PT Field Goal,Above the Break 3,25,-211,146,1
Jump Shot,3PT Field Goal,Left Corner 3,23,-233,17,0
Jump Shot,3PT Field Goal,Above the Break 3,25,-98,238,0
Jump Shot,3PT Field Goal,Above the Break 3,26,160,206,0
Running Jump Shot,3PT Field Goal,Above the Break 3,27,-223,155,0
Jump Shot,2PT Field Goal,Mid-Range,20,190,83,1
Jump Shot,3PT Field Goal,Above the Break 3,25,-223,120,0
Jump Shot,3PT Field Goal,Above the Break 3,25,131,221,1
Jump Shot,3PT Field Goal,Above the Break 3,24,217,107,1
Driving Finger Roll Layup Shot,2PT Field Goal,In The Paint (Non-RA),4,36,27,1
Running Pull-Up Jump Shot,3PT Field Goal,Above the Break 3,31,107,296,0
Driving Floating Jump Shot,2PT Field Goal,In The Paint (Non-RA),7,-29,67,1
Jump Shot,2PT Field Goal,Mid-Range,19,-114,158,0
Jump Shot,3PT Field Goal,Right Corner 3,22,223,39,0
Step Back Jump shot,2PT Field Goal,Mid-Range,19,41,186,0
Jump Shot,3PT Field Goal,Above the Break 3,29,-172,243,1
Jump Shot,3PT Field Goal,Above the Break 3,30,-98,285,0
Pullup Jump shot,2PT Field Goal,Mid-Range,18,9,185,1
Running Jump Shot,2PT Field Goal,Mid-Range,20,-103,173,1
Running Pull-Up Jump Shot,3PT Field Goal,Above the Break 3,31,-126,291,0
Jump Bank Shot,2PT Field Goal,In The Paint (Non-RA),12,64,111,1
Step Back Jump shot,3PT Field Goal,Above the Break 3,27,-12,274,1
Jump Shot,3PT Field Goal,Above the Break 3,31,-3,314,1
Jump Shot,3PT Field Goal,Above the Break 3,26,-167,208,1
Jump Shot,3PT Field Goal,Above the Break 3,28,155,242,0
Floating Jump shot,2PT Field Goal,In The Paint (Non-RA),12,-3,122,0
Driving Floating Jump Shot,2PT Field Goal,In The Paint (Non-RA),6,63,24,1
Running Pull-Up Jump Shot,3PT Field Goal,Above the Break 3,28,12,283,1
Jump Shot,3PT Field Goal,Above the Break 3,27,90,263,0
Floating Jump shot,2PT Field Goal,In The Paint (Non-RA),4,-19,45,0
Running Pull-Up Jump Shot,3PT Field Goal,Above the Break 3,26,-129,232,0
Jump Shot,3PT Field Goal,Above the Break 3,25,-161,200,0
Pullup Jump shot,2PT Field Goal,Mid-Range,20,9,201,1
Pullup Jump shot,3PT Field Goal,Above the Break 3,26,145,224,0
Layup Shot,2PT Field Goal,Restricted Area,2,-19,21,0
Layup Shot,2PT Field Goal,Restricted Area,1,6,11,1
Jump Shot,3PT Field Goal,Above the Break 3,27,-169,221,0
Jump Shot,3PT Field Goal,Above the Break 3,25,-211,148,0
Jump Shot,3PT Field Goal,Above the Break 3,24,-223,103,1
Pullup Jump shot,3PT Field Goal,Above the Break 3,25,-162,195,1
Jump Shot,3PT Field Goal,Above the Break 3,31,155,272,0
Jump Shot,3PT Field Goal,Above the Break 3,27,46,268,1
Jump Shot,3PT Field Goal,Above the Break 3,28,151,236,0
Jump Shot,3PT Field Goal,Above the Break 3,27,-179,211,0
Turnaround Jump Shot,2PT Field Goal,Mid-Range,16,-6,165,0
Pullup Jump shot,3PT Field Goal,Above the Break 3,25,206,148,1
Running Pull-Up Jump Shot,3PT Field Goal,Above the Break 3,26,141,230,1
Layup Shot,2PT Field Goal,Restricted Area,2,-16,21,1
Jump Shot,3PT Field Goal,Above the Break 3,29,-165,246,0
Pullup Jump shot,2PT Field Goal,Mid-Range,21,137,163,1
Jump Shot,3PT Field Goal,Above the Break 3,33,105,321,0
Pullup Jump shot,3PT Field Goal,Above the Break 3,26,-108,237,1
Running Pull-Up Jump Shot,3PT Field Goal,Above the Break 3,25,110,227,0
Jump Shot,2PT Field Goal,Mid-Range,15,-11,151,1
Pullup Jump shot,3PT Field Goal,Above the Break 3,27,119,250,0
Pullup Jump shot,2PT Field Goal,Mid-Range,17,2,172,1
Driving Layup Shot,2PT Field Goal,Restricted Area,2,-16,20,0
Jump Shot,3PT Field Goal,Above the Break 3,26,141,226,0
Cutting Layup Shot,2PT Field Goal,Restricted Area,1,13,6,0
Pullup Jump shot,3PT Field Goal,Above the Break 3,24,-200,137,1
Jump Shot,3PT Field Goal,Above the Break 3,28,-161,235,0
Pullup Jump shot,2PT Field Goal,Mid-Range,10,-105,4,1
Jump Shot,2PT Field Goal,Mid-Range,19,195,-1,1
Driving Hook Shot,2PT Field Goal,Restricted Area,3,26,21,0
Jump Shot,3PT Field Goal,Above the Break 3,23,-221,90,1
Jump Shot,3PT Field Goal,Above the Break 3,26,78,252,1
Jump Shot,3PT Field Goal,Above the Break 3,26,-133,230,1
Step Back Jump shot,2PT Field Goal,Mid-Range,22,193,109,0
Jump Shot,3PT Field Goal,Left Corner 3,23,-235,8,0
Jump Shot,3PT Field Goal,Right Corner 3,22,225,28,0
Jump Shot,3PT Field Goal,Above the Break 3,26,116,239,0
Jump Shot,3PT Field Goal,Above the Break 3,26,57,258,0
Jump Shot,2PT Field Goal,Mid-Range,19,52,184,0
Running Jump Shot,3PT Field Goal,Above the Break 3,27,-192,197,1
Driving Finger Roll Layup Shot,2PT Field Goal,In The Paint (Non-RA),7,-5,70,0
Layup Shot,2PT Field Goal,Restricted Area,3,-12,36,0
Jump Shot,3PT Field Goal,Left Corner 3,23,-234,37,1
Driving Dunk Shot,2PT Field Goal,Restricted Area,1,9,13,1
Jump Shot,3PT Field Goal,Above the Break 3,26,-213,162,0
Jump Shot,3PT Field Goal,Left Corner 3,23,-229,26,0
Jump Shot,3PT Field Goal,Above the Break 3,28,194,209,1
Step Back Jump shot,3PT Field Goal,Above the Break 3,27,204,178,1
Jump Shot,3PT Field Goal,Above the Break 3,28,-207,195,1
Jump Shot,3PT Field Goal,Above the Break 3,28,107,260,0
Step Back Jump shot,2PT Field Goal,Mid-Range,16,-89,138,1
Jump Shot,3PT Field Goal,Above the Break 3,26,182,195,1
Jump Shot,3PT Field Goal,Left Corner 3,23,-230,22,0
Jump Shot,3PT Field Goal,Above the Break 3,26,-168,199,0
Driving Layup Shot,2PT Field Goal,In The Paint (Non-RA),4,-21,40,0
Jump Shot,3PT Field Goal,Above the Break 3,26,141,227,1
Step Back Jump shot,3PT Field Goal,Above the Break 3,26,-178,193,1
Jump Shot,3PT Field Goal,Above the Break 3,25,-206,158,0
Driving Floating Jump Shot,2PT Field Goal,In The Paint (Non-RA),5,8,50,0
Pullup Jump shot,3PT Field Goal,Above the Break 3,25,-40,253,1
Step Back Jump shot,3PT Field Goal,Above the Break 3,26,147,216,1
Driving Layup Shot,2PT Field Goal,Restricted Area,3,8,35,0
Running Jump Shot,3PT Field Goal,Above the Break 3,26,179,197,1
Jump Shot,3PT Field Goal,Above the Break 3,27,168,214,0
Driving Floating Jump Shot,2PT Field Goal,Mid-Range,9,93,28,0
Jump Shot,3PT Field Goal,Above the Break 3,27,107,248,0
Jump Shot,3PT Field Goal,Above the Break 3,25,220,130,1
Running Layup Shot,2PT Field Goal,Restricted Area,2,10,25,1
Running Finger Roll Layup Shot,2PT Field Goal,Restricted Area,2,5,26,1
Running Jump Shot,3PT Field Goal,Above the Break 3,25,107,233,1
Running Layup Shot,2PT Field Goal,Restricted Area,2,0,20,1
Turnaround Jump Shot,2PT Field Goal,Mid-Range,19,122,146,1
Jump Shot,3PT Field Goal,Left Corner 3,22,-227,0,0
Jump Shot,3PT Field Goal,Left Corner 3,22,-228,-6,1
Running Layup Shot,2PT Field Goal,In The Paint (Non-RA),8,-53,67,0
Jump Shot,3PT Field Goal,Above the Break 3,26,-143,220,0
Jump Shot,3PT Field Goal,Above the Break 3,27,-156,230,0
Jump Shot,2PT Field Goal,In The Paint (Non-RA),8,51,67,0
Jump Shot,3PT Field Goal,Above the Break 3,28,107,268,0
Jump Shot,3PT Field Goal,Left Corner 3,23,-233,-22,1
Jump Shot,3PT Field Goal,Right Corner 3,23,235,1,0
Driving Layup Shot,2PT Field Goal,Restricted Area,2,16,19,0
Jump Shot,3PT Field Goal,Above the Break 3,24,-109,221,0
Jump Shot,3PT Field Goal,Above the Break 3,27,55,273,1
Layup Shot,2PT Field Goal,In The Paint (Non-RA),4,6,47,0
Jump Shot,3PT Field Goal,Above the Break 3,25,228,124,0
Jump Shot,3PT Field Goal,Above the Break 3,27,57,274,0
Jump Shot,3PT Field Goal,Above the Break 3,27,43,269,1
Jump Shot,3PT Field Goal,Above the Break 3,25,93,241,0
Driving Layup Shot,2PT Field Goal,Restricted Area,2,19,22,0
Jump Shot,3PT Field Goal,Above the Break 3,26,119,235,1
Running Layup Shot,2PT Field Goal,Restricted Area,1,-8,15,1
Jump Shot,3PT Field Goal,Left Corner 3,23,-231,49,0
Jump Shot,3PT Field Goal,Above the Break 3,26,-154,215,0
Jump Shot,3PT Field Goal,Above the Break 3,28,-103,264,0
Jump Shot,3PT Field Goal,Above the Break 3,29,-158,249,0
Jump Shot,3PT Field Goal,Above the Break 3,27,-177,212,1
Jump Shot,3PT Field Goal,Above the Break 3,33,-182,278,0
Jump Shot,3PT Field Goal,Above the Break 3,25,176,180,0
Running Layup Shot,2PT Field Goal,Restricted Area,1,-16,7,1
Jump Shot,3PT Field Goal,Left Corner 3,23,-234,15,0
Reverse Layup Shot,2PT Field Goal,Restricted Area,2,-20,11,1
Pullup Jump shot,3PT Field Goal,Above the Break 3,25,108,230,1
Jump Shot,3PT Field Goal,Left Corner 3,23,-235,10,0
Jump Shot,3PT Field Goal,Above the Break 3,24,-112,223,0
Pullup Jump shot,3PT Field Goal,Above the Break 3,25,-16,252,0
Driving Layup Shot,2PT Field Goal,Restricted Area,2,13,21,1
Floating Jump shot,2PT Field Goal,In The Paint (Non-RA),12,1,126,1
Pullup Jump shot,3PT Field Goal,Above the Break 3,24,153,197,1
Pullup Jump shot,3PT Field Goal,Above the Break 3,28,145,242,0
Jump Shot,3PT Field Goal,Above the Break 3,30,119,277,0
Jump Shot,3PT Field Goal,Above the Break 3,29,46,289,0
Pullup Jump shot,3PT Field Goal,Above the Break 3,25,145,210,1
Reverse Layup Shot,2PT Field Goal,Restricted Area,2,-16,15,0
Jump Shot,3PT Field Goal,Above the Break 3,24,-141,206,1
Jump Shot,3PT Field Goal,Left Corner 3,23,-236,37,0
Jump Shot,3PT Field Goal,Above the Break 3,25,-55,246,0
Driving Layup Shot,2PT Field Goal,Restricted Area,1,3,14,1
Driving Layup Shot,2PT Field Goal,Restricted Area,2,16,18,0
Pullup Jump shot,3PT Field Goal,Above the Break 3,25,78,238,0
Driving Floating Jump Shot,2PT Field Goal,In The Paint (Non-RA),14,-49,133,1
Jump Shot,3PT Field Goal,Above the Break 3,25,-38,254,0
Pullup Jump shot,3PT Field Goal,Above the Break 3,25,86,239,1
Pullup Jump shot,3PT Field Goal,Above the Break 3,25,-19,259,1
Pullup Jump shot,3PT Field Goal,Above the Break 3,25,124,227,0
Driving Layup Shot,2PT Field Goal,Restricted Area,2,-14,23,1
Driving Layup Shot,2PT Field Goal,Restricted Area,2,20,10,1
Pullup Jump shot,3PT Field Goal,Above the Break 3,26,113,243,0
Jump Shot,2PT Field Goal,Mid-Range,21,105,190,0
Driving Layup Shot,2PT Field Goal,Restricted Area,2,19,8,1
Jump Shot,3PT Field Goal,Above the Break 3,25,10,254,0
Driving Floating Jump Shot,2PT Field Goal,Mid-Range,15,0,158,0
Pullup Jump shot,2PT Field Goal,Mid-Range,19,85,172,1
Layup Shot,2PT Field Goal,In The Paint (Non-RA),5,-14,49,0
Jump Shot,3PT Field Goal,Above the Break 3,24,123,216,0
Driving Layup Shot,2PT Field Goal,Restricted Area,2,-20,16,0
Step Back Jump shot,2PT Field Goal,Mid-Range,14,-113,94,1
Pullup Jump shot,3PT Field Goal,Above the Break 3,26,187,187,1
Jump Shot,3PT Field Goal,Above the Break 3,29,131,266,0
Layup Shot,2PT Field Goal,Restricted Area,2,-18,14,1
Running Layup Shot,2PT Field Goal,Restricted Area,1,7,17,0
Pullup Jump shot,3PT Field Goal,Above the Break 3,25,70,246,0
Jump Shot,3PT Field Goal,Above the Break 3,27,180,203,0
Jump Shot,3PT Field Goal,Above the Break 3,25,197,157,1
Jump Shot,3PT Field Goal,Above the Break 3,34,-203,273,0
Jump Shot,2PT Field Goal,Mid-Range,18,28,185,0
Jump Shot,3PT Field Goal,Above the Break 3,26,-59,261,0
Step Back Jump shot,2PT Field Goal,Mid-Range,18,-52,182,0
Jump Shot,3PT Field Goal,Above the Break 3,26,149,215,1
Jump Shot,2PT Field Goal,Mid-Range,15,43,146,0
Jump Shot,3PT Field Goal,Above the Break 3,25,-136,219,0
Pullup Jump shot,2PT Field Goal,Mid-Range,17,-172,28,0
Jump Shot,3PT Field Goal,Above the Break 3,26,206,165,1
Driving Floating Bank Jump Shot,2PT Field Goal,In The Paint (Non-RA),6,-1,65,0
Step Back Jump shot,3PT Field Goal,Above the Break 3,26,-116,243,0
Jump Shot,3PT Field Goal,Left Corner 3,23,-230,17,1
Jump Shot,3PT Field Goal,Above the Break 3,26,79,257,1
Jump Shot,3PT Field Goal,Above the Break 3,26,109,243,0
Jump Shot,3PT Field Goal,Above the Break 3,25,-123,227,0
Driving Finger Roll Layup Shot,2PT Field Goal,Restricted Area,2,-14,25,1
Jump Shot,3PT Field Goal,Above the Break 3,25,-144,211,0
Floating Jump shot,2PT Field Goal,In The Paint (Non-RA),7,40,60,0
Finger Roll Layup Shot,2PT Field Goal,Restricted Area,3,-22,26,1
Jump Shot,3PT Field Goal,Above the Break 3,27,-188,204,0
Jump Shot,3PT Field Goal,Above the Break 3,25,212,135,1
Jump Shot,3PT Field Goal,Above the Break 3,26,158,218,0
Pullup Jump shot,2PT Field Goal,Mid-Range,19,-154,116,1
Pullup Jump shot,3PT Field Goal,Above the Break 3,27,114,246,0
Jump Shot,3PT Field Goal,Left Corner 3,22,-227,19,0
Jump Shot,3PT Field Goal,Above the Break 3,25,106,231,0
Jump Shot,3PT Field Goal,Above the Break 3,30,46,297,1
Pullup Jump shot,2PT Field Goal,Mid-Range,17,-171,0,1
Jump Shot,3PT Field Goal,Above the Break 3,28,11,288,0
Driving Finger Roll Layup Shot,2PT Field Goal,Restricted Area,1,-13,1,1
Jump Shot,3PT Field Goal,Above the Break 3,25,-194,167,0
Step Back Jump shot,2PT Field Goal,Mid-Range,20,105,171,1
Jump Shot,3PT Field Goal,Above the Break 3,26,-179,193,1
Fadeaway Jump Shot,2PT Field Goal,Mid-Range,17,-107,140,1
Jump Shot,3PT Field Goal,Above the Break 3,27,12,274,1
Pullup Jump shot,3PT Field Goal,Above the Break 3,26,-196,172,1
Jump Shot,2PT Field Goal,In The Paint (Non-RA),10,-31,104,0
Jump Shot,3PT Field Goal,Above the Break 3,27,60,264,0
Pullup Jump shot,3PT Field Goal,Above the Break 3,25,-207,141,1
Jump Shot,3PT Field Goal,Above the Break 3,27,145,229,0
Jump Shot,3PT Field Goal,Backcourt,53,19,536,0
Cutting Layup Shot,2PT Field Goal,Restricted Area,1,6,17,1
Layup Shot,2PT Field Goal,Restricted Area,2,5,22,0
Jump Shot,3PT Field Goal,Above the Break 3,32,9,320,0
Jump Shot,2PT Field Goal,Mid-Range,23,-206,115,1
Jump Shot,3PT Field Goal,Left Corner 3,24,-237,69,0
Pullup Jump shot,2PT Field Goal,Mid-Range,19,113,159,1
Step Back Jump shot,3PT Field Goal,Above the Break 3,25,215,144,0
Step Back Jump shot,3PT Field Goal,Above the Break 3,28,-22,289,1
Step Back Jump shot,2PT Field Goal,Mid-Range,17,74,158,0
Driving Floating Jump Shot,2PT Field Goal,Mid-Range,18,49,183,0
Driving Layup Shot,2PT Field Goal,In The Paint (Non-RA),4,-20,44,0
Jump Shot,3PT Field Goal,Above the Break 3,26,-159,212,0
Step Back Jump shot,3PT Field Goal,Above the Break 3,27,2,278,1
Pullup Jump shot,2PT Field Goal,Mid-Range,20,152,138,1
Driving Floating Jump Shot,2PT Field Goal,In The Paint (Non-RA),14,62,129,0
Jump Shot,3PT Field Goal,Above the Break 3,27,217,169,0
Pullup Jump shot,3PT Field Goal,Above the Break 3,29,-46,295,1
Jump Shot,3PT Field Goal,Backcourt,47,-165,446,0
Step Back Jump shot,3PT Field Goal,Above the Break 3,26,226,140,1
Jump Shot,3PT Field Goal,Above the Break 3,26,181,188,0
Jump Shot,3PT Field Goal,Above the Break 3,26,61,263,0
Jump Shot,3PT Field Goal,Above the Break 3,26,-232,127,0
Jump Shot,3PT Field Goal,Above the Break 3,30,-142,269,0
Jump Shot,3PT Field Goal,Above the Break 3,26,179,193,0
Step Back Jump shot,2PT Field Goal,Mid-Range,21,-116,179,0
Step Back Jump shot,2PT Field Goal,Mid-Range,21,84,194,0
Jump Shot,3PT Field Goal,Above the Break 3,28,-101,264,1
Driving Finger Roll Layup Shot,2PT Field Goal,Restricted Area,2,13,16,0
Driving Finger Roll Layup Shot,2PT Field Goal,In The Paint (Non-RA),6,33,56,1
Jump Shot,3PT Field Goal,Above the Break 3,25,231,104,0
Jump Shot,3PT Field Goal,Above the Break 3,26,-195,183,0
Jump Shot,3PT Field Goal,Above the Break 3,26,-63,261,0
Driving Finger Roll Layup Shot,2PT Field Goal,In The Paint (Non-RA),8,-5,82,1
Jump Shot,3PT Field Goal,Above the Break 3,26,-185,190,0
Jump Shot,3PT Field Goal,Above the Break 3,26,49,257,0
Jump Shot,3PT Field Goal,Above the Break 3,27,-190,193,1
Jump Shot,3PT Field Goal,Above the Break 3,27,139,243,1
Jump Shot,3PT Field Goal,Above the Break 3,25,228,114,1
Jump Shot,3PT Field Goal,Above the Break 3,26,132,229,0
Jump Shot,3PT Field Goal,Above the Break 3,27,-162,225,0
Jump Shot,3PT Field Goal,Above the Break 3,29,-203,216,0
Cutting Layup Shot,2PT Field Goal,Restricted Area,2,20,5,1
Jump Shot,3PT Field Goal,Above the Break 3,26,145,222,1
Jump Shot,3PT Field Goal,Above the Break 3,30,133,271,1
Step Back Jump shot,3PT Field Goal,Above the Break 3,28,-124,256,0
Driving Finger Roll Layup Shot,2PT Field Goal,In The Paint (Non-RA),7,-9,74,1
Driving Layup Shot,2PT Field Goal,Restricted Area,2,27,13,1
Jump Shot,3PT Field Goal,Above the Break 3,29,-52,288,0
Step Back Jump shot,2PT Field Goal,Mid-Range,18,103,155,0
Jump Shot,3PT Field Goal,Above the Break 3,30,54,299,0
Driving Layup Shot,2PT Field Goal,Restricted Area,3,-24,24,0
Putback Layup Shot,2PT Field Goal,Restricted Area,0,3,8,1
Jump Shot,3PT Field Goal,Above the Break 3,27,-186,204,1
Driving Floating Bank Jump Shot,2PT Field Goal,Mid-Range,9,87,48,1
Pullup Jump shot,2PT Field Goal,Mid-Range,14,-6,147,0
Jump Shot,3PT Field Goal,Left Corner 3,22,-229,4,0
Step Back Jump shot,3PT Field Goal,Above the Break 3,26,-158,212,0
Driving Layup Shot,2PT Field Goal,In The Paint (Non-RA),6,-54,41,0
Step Back Jump shot,2PT Field Goal,Mid-Range,18,25,188,0
Step Back Jump shot,3PT Field Goal,Above the Break 3,26,49,262,0
Turnaround Fadeaway shot,2PT Field Goal,Mid-Range,19,128,141,0
Jump Shot,3PT Field Goal,Left Corner 3,23,-231,57,1
Putback Dunk Shot,2PT Field Goal,Restricted Area,0,0,-6,0
Driving Layup Shot,2PT Field Goal,Restricted Area,2,-6,27,1
Running Layup Shot,2PT Field Goal,Restricted Area,0,5,-3,1
Driving Floating Jump Shot,2PT Field Goal,Restricted Area,3,-3,38,0
Jump Shot,2PT Field Goal,Mid-Range,20,204,-8,1
Step Back Jump shot,3PT Field Goal,Above the Break 3,25,-168,195,1
Pullup Jump shot,3PT Field Goal,Above the Break 3,27,154,230,0
Driving Layup Shot,2PT Field Goal,Restricted Area,1,-12,8,0
Jump Shot,2PT Field Goal,Mid-Range,20,-208,-15,0
Jump Shot,3PT Field Goal,Above the Break 3,26,-120,231,0
Pullup Jump shot,3PT Field Goal,Above the Break 3,25,-112,226,1
Running Layup Shot,2PT Field Goal,Restricted Area,1,-13,15,1
Jump Shot,3PT Field Goal,Left Corner 3,22,-220,6,0
Jump Shot,2PT Field Goal,Mid-Range,19,-192,17,0
Jump Shot,3PT Field Goal,Right Corner 3,23,239,1,1
Driving Dunk Shot,2PT Field Goal,Restricted Area,0,-2,0,0
Step Back Jump shot,3PT Field Goal,Above the Break 3,24,119,215,0
Jump Shot,3PT Field Goal,Above the Break 3,25,112,234,0
Jump Shot,3PT Field Goal,Right Corner 3,23,232,40,1
Pullup Jump shot,3PT Field Goal,Above the Break 3,24,-114,221,0
Driving Finger Roll Layup Shot,2PT Field Goal,Restricted Area,1,9,13,1
Jump Shot,3PT Field Goal,Right Corner 3,23,231,22,0
Jump Shot,3PT Field Goal,Above the Break 3,24,-185,167,0
Jump Shot,2PT Field Goal,Mid-Range,13,-133,8,0
Driving Finger Roll Layup Shot,2PT Field Goal,Restricted Area,1,0,16,0
Jump Shot,3PT Field Goal,Above the Break 3,25,-117,230,0
Jump Shot,3PT Field Goal,Right Corner 3,22,224,-1,0
Driving Finger Roll Layup Shot,2PT Field Goal,Restricted Area,2,13,19,0
Jump Shot,3PT Field Goal,Above the Break 3,25,-149,201,0
Driving Finger Roll Layup Shot,2PT Field Goal,Restricted Area,1,-2,17,1
Pullup Jump shot,3PT Field Goal,Backcourt,60,29,603,1
Step Back Jump shot,2PT Field Goal,Mid-Range,23,-97,209,1
Jump Shot,3PT Field Goal,Above the Break 3,25,-58,251,0
Jump Shot,3PT Field Goal,Right Corner 3,23,234,-1,0
Pullup Jump shot,3PT Field Goal,Above the Break 3,24,99,227,1
Step Back Jump shot,3PT Field Goal,Above the Break 3,25,125,222,0
Running Pull-Up Jump Shot,3PT Field Goal,Above the Break 3,24,152,195,0
Pullup Jump shot,3PT Field Goal,Above the Break 3,27,3,274,0
Step Back Jump shot,3PT Field Goal,Above the Break 3,27,-115,246,1
Driving Finger Roll Layup Shot,2PT Field Goal,Restricted Area,2,-5,27,1
Jump Shot,3PT Field Goal,Left Corner 3,24,-230,85,1
Pullup Jump shot,3PT Field Goal,Above the Break 3,26,-76,258,1
Running Jump Shot,3PT Field Goal,Backcourt,58,162,561,0
Jump Shot,3PT Field Goal,Above the Break 3,26,-109,241,0
Driving Finger Roll Layup Shot,2PT Field Goal,Restricted Area,1,-3,12,0
Jump Shot,3PT Field Goal,Left Corner 3,25,-242,83,1
Pullup Jump shot,3PT Field Goal,Above the Break 3,26,2,262,0
Cutting Layup Shot,2PT Field Goal,Restricted Area,0,-6,1,0
Jump Shot,2PT Field Goal,Mid-Range,20,-208,15,0
Jump Shot,3PT Field Goal,Above the Break 3,24,-114,217,1
Pullup Jump shot,3PT Field Goal,Above the Break 3,24,-36,247,0
Jump Shot,3PT Field Goal,Left Corner 3,23,-232,39,1
Cutting Finger Roll Layup Shot,2PT Field Goal,In The Paint (Non-RA),8,-74,47,0
Jump Shot,3PT Field Goal,Above the Break 3,24,-207,139,0
Jump Shot,3PT Field Goal,Right Corner 3,24,233,63,0
Driving Layup Shot,2PT Field Goal,Restricted Area,1,6,16,1
Step Back Jump shot,3PT Field Goal,Above the Break 3,25,-160,197,1
Jump Shot,3PT Field Goal,Above the Break 3,28,-155,239,0
Step Back Jump shot,3PT Field Goal,Above the Break 3,25,134,214,0
Step Back Jump shot,3PT Field Goal,Above the Break 3,24,30,247,1
Reverse Layup Shot,2PT Field Goal,Restricted Area,1,0,13,1
Turnaround Fadeaway shot,2PT Field Goal,Mid-Range,15,158,19,1
Jump Shot,3PT Field Goal,Above the Break 3,24,-171,182,1
Step Back Jump shot,3PT Field Goal,Above the Break 3,25,125,221,1
Turnaround Jump Shot,3PT Field Goal,Above the Break 3,28,-84,274,0
Cutting Layup Shot,2PT Field Goal,Restricted Area,0,-3,9,1
Step Back Jump shot,3PT Field Goal,Right Corner 3,24,235,56,1
Jump Shot,3PT Field Goal,Above the Break 3,25,207,145,1
Jump Shot,3PT Field Goal,Above the Break 3,25,201,162,0
Pullup Jump shot,3PT Field Goal,Above the Break 3,27,196,199,1
Jump Shot,3PT Field Goal,Above the Break 3,27,-139,233,0
Jump Shot,3PT Field Goal,Above the Break 3,30,-127,272,0
Running Pull-Up Jump Shot,3PT Field Goal,Backcourt,48,-147,457,0
Reverse Layup Shot,2PT Field Goal,Restricted Area,1,8,13,0
Step Back Jump shot,3PT Field Goal,Above the Break 3,29,185,235,1
Step Back Jump shot,3PT Field Goal,Above the Break 3,25,-228,115,1
Jump Shot,2PT Field Goal,Mid-Range,18,180,6,0
Step Back Jump shot,2PT Field Goal,Mid-Range,17,-116,131,0
Jump Shot,3PT Field Goal,Left Corner 3,23,-231,-13,0
Jump Shot,3PT Field Goal,Above the Break 3,33,186,279,0
Jump Shot,3PT Field Goal,Above the Break 3,26,176,199,0
Fadeaway Jump Shot,3PT Field Goal,Right Corner 3,23,232,19,1
Step Back Jump shot,3PT Field Goal,Above the Break 3,25,-185,179,1
Pullup Jump shot,3PT Field Goal,Right Corner 3,23,234,29,1
Pullup Jump shot,2PT Field Goal,Mid-Range,19,129,150,1
Jump Shot,3PT Field Goal,Above the Break 3,25,141,211,1
Jump Shot,3PT Field Goal,Above the Break 3,28,-174,221,0
Pullup Jump shot,3PT Field Goal,Above the Break 3,28,-39,279,1
Pullup Jump shot,3PT Field Goal,Above the Break 3,24,212,129,0
Driving Floating Bank Jump Shot,2PT Field Goal,Mid-Range,11,100,64,0
Driving Finger Roll Layup Shot,2PT Field Goal,In The Paint (Non-RA),9,-37,83,0
Jump Shot,3PT Field Goal,Above the Break 3,25,-226,110,0
Pullup Jump shot,2PT Field Goal,Mid-Range,20,126,157,1
Jump Shot,2PT Field Goal,Mid-Range,17,-179,0,0
Jump Shot,2PT Field Goal,Mid-Range,16,-56,151,1
Jump Shot,3PT Field Goal,Above the Break 3,31,143,277,0
Pullup Jump shot,3PT Field Goal,Above the Break 3,27,-188,200,1
Driving Finger Roll Layup Shot,2PT Field Goal,In The Paint (Non-RA),6,-4,67,0
Jump Shot,3PT Field Goal,Above the Break 3,28,-184,216,1
Jump Shot,3PT Field Goal,Above the Break 3,28,66,274,0
Turnaround Fadeaway shot,2PT Field Goal,Mid-Range,18,174,50,0
Driving Floating Jump Shot,2PT Field Goal,In The Paint (Non-RA),8,6,87,1
Running Jump Shot,3PT Field Goal,Above the Break 3,26,-175,202,1
Jump Shot,3PT Field Goal,Above the Break 3,25,218,125,1
Driving Floating Jump Shot,2PT Field Goal,Restricted Area,2,27,11,0
Jump Shot,3PT Field Goal,Above the Break 3,25,-112,233,1
Jump Shot,3PT Field Goal,Above the Break 3,27,-170,221,0
Driving Floating Bank Jump Shot,2PT Field Goal,Mid-Range,9,90,13,0
Step Back Jump shot,3PT Field Goal,Above the Break 3,25,147,209,0
Jump Shot,3PT Field Goal,Left Corner 3,24,-226,81,1
Layup Shot,2PT Field Goal,Restricted Area,1,-11,0,0
Step Back Jump shot,2PT Field Goal,Mid-Range,16,-40,158,0
Jump Shot,3PT Field Goal,Above the Break 3,26,-6,263,1
Jump Shot,3PT Field Goal,Left Corner 3,23,-231,-16,1
Cutting Layup Shot,2PT Field Goal,Restricted Area,1,-5,11,1
Floating Jump shot,2PT Field Goal,In The Paint (Non-RA),9,50,84,0
Running Reverse Layup Shot,2PT Field Goal,Restricted Area,1,-14,4,0
Turnaround Jump Shot,3PT Field Goal,Above the Break 3,30,144,272,0
Driving Floating Jump Shot,2PT Field Goal,Mid-Range,13,84,106,0
Running Jump Shot,3PT Field Goal,Above the Break 3,25,-36,252,0
Step Back Jump shot,3PT Field Goal,Right Corner 3,23,237,36,0
Jump Shot,3PT Field Goal,Above the Break 3,26,121,241,0
Jump Shot,3PT Field Goal,Above the Break 3,26,-136,225,0
Jump Shot,3PT Field Goal,Right Corner 3,22,220,2,1
Jump Shot,3PT Field Goal,Right Corner 3,22,225,4,1
Driving Layup Shot,2PT Field Goal,Restricted Area,2,-5,22,0
Driving Floating Jump Shot,2PT Field Goal,In The Paint (Non-RA),11,-14,118,0
Jump Shot,3PT Field Goal,Above the Break 3,28,-192,215,1
Jump Shot,3PT Field Goal,Right Corner 3,22,221,26,1
Jump Shot,3PT Field Goal,Above the Break 3,26,-51,263,0
Jump Shot,3PT Field Goal,Above the Break 3,26,-110,244,1
Cutting Layup Shot,2PT Field Goal,Restricted Area,0,-1,7,1
Jump Shot,3PT Field Goal,Right Corner 3,22,225,6,1
Jump Shot,3PT Field Goal,Above the Break 3,28,-136,251,0
Jump Shot,3PT Field Goal,Above the Break 3,25,46,247,0
Jump Shot,3PT Field Goal,Above the Break 3,25,114,225,0
Jump Shot,3PT Field Goal,Above the Break 3,23,-196,136,0
Pullup Jump shot,2PT Field Goal,Mid-Range,18,123,141,0
Driving Layup Shot,2PT Field Goal,Restricted Area,1,3,15,1
Pullup Jump shot,2PT Field Goal,Mid-Range,15,5,155,0
Jump Shot,3PT Field Goal,Above the Break 3,25,96,240,1
Jump Shot,3PT Field Goal,Above the Break 3,24,-3,245,1
Jump Shot,3PT Field Goal,Above the Break 3,27,149,226,0
Pullup Jump shot,3PT Field Goal,Above the Break 3,26,7,260,1
Jump Shot,3PT Field Goal,Above the Break 3,24,11,248,1
Jump Shot,3PT Field Goal,Above the Break 3,27,-67,264,0
Jump Shot,3PT Field Goal,Left Corner 3,23,-237,24,1
Cutting Layup Shot,2PT Field Goal,Restricted Area,2,-5,25,0
Jump Shot,3PT Field Goal,Above the Break 3,29,-174,243,0
Driving Finger Roll Layup Shot,2PT Field Goal,Restricted Area,3,19,26,1
Jump Shot,2PT Field Goal,Mid-Range,21,59,202,1
Jump Shot,3PT Field Goal,Above the Break 3,26,129,235,1
Driving Finger Roll Layup Shot,2PT Field Goal,In The Paint (Non-RA),7,-9,74,0
Jump Shot,3PT Field Goal,Above the Break 3,27,-218,169,0
Layup Shot,2PT Field Goal,In The Paint (Non-RA),4,3,49,1
Jump Shot,3PT Field Goal,Right Corner 3,23,227,49,1
Step Back Jump shot,2PT Field Goal,Mid-Range,21,139,161,0
Jump Shot,3PT Field Goal,Above the Break 3,27,-168,217,0
Pullup Jump shot,3PT Field Goal,Above the Break 3,26,-171,208,1
Jump Shot,3PT Field Goal,Above the Break 3,28,159,234,1
Jump Shot,3PT Field Goal,Left Corner 3,22,-225,13,1
Jump Shot,3PT Field Goal,Above the Break 3,26,144,228,1
Step Back Jump shot,2PT Field Goal,Mid-Range,20,124,159,1
Step Back Jump shot,3PT Field Goal,Above the Break 3,27,158,220,0
Jump Shot,3PT Field Goal,Above the Break 3,26,-152,217,0
Pullup Jump shot,3PT Field Goal,Above the Break 3,26,199,168,1
Jump Shot,3PT Field Goal,Above the Break 3,29,161,242,0
Jump Shot,3PT Field Goal,Above the Break 3,26,150,221,0
Jump Shot,3PT Field Goal,Above the Break 3,26,-198,172,0
Jump Shot,3PT Field Goal,Above the Break 3,26,-207,161,1
Jump Shot,3PT Field Goal,Above the Break 3,27,24,271,1
Step Back Jump shot,3PT Field Goal,Above the Break 3,27,-111,253,1
Jump Shot,2PT Field Goal,Mid-Range,19,-197,8,0
Jump Shot,3PT Field Goal,Above the Break 3,29,-125,272,0
Jump Shot,3PT Field Goal,Above the Break 3,30,-139,267,0
Step Back Jump shot,3PT Field Goal,Above the Break 3,26,-185,195,0
Jump Shot,3PT Field Goal,Above the Break 3,26,136,225,1
Cutting Finger Roll Layup Shot,2PT Field Goal,In The Paint (Non-RA),4,0,48,1
Driving Layup Shot,2PT Field Goal,In The Paint (Non-RA),4,19,37,0
Pullup Jump shot,3PT Field Goal,Above the Break 3,25,-97,231,0
Driving Floating Bank Jump Shot,2PT Field Goal,In The Paint (Non-RA),4,-41,21,1
Driving Reverse Layup Shot,2PT Field Goal,Restricted Area,1,-3,15,0
Jump Shot,3PT Field Goal,Above the Break 3,26,147,224,0
Jump Shot,3PT Field Goal,Right Corner 3,23,232,35,0
Jump Shot,3PT Field Goal,Above the Break 3,27,-135,241,0
Step Back Jump shot,3PT Field Goal,Right Corner 3,23,236,10,0
Driving Reverse Layup Shot,2PT Field Goal,Restricted Area,2,-20,1,0
Layup Shot,2PT Field Goal,Restricted Area,1,1,14,1
Jump Shot,3PT Field Goal,Above the Break 3,28,-167,230,1
Pullup Jump shot,3PT Field Goal,Above the Break 3,25,224,129,1
Jump Shot,2PT Field Goal,Mid-Range,19,122,146,0
Jump Shot,3PT Field Goal,Above the Break 3,25,-209,148,1
Jump Shot,3PT Field Goal,Above the Break 3,25,221,120,1
Jump Shot,3PT Field Goal,Above the Break 3,28,109,261,0
Cutting Layup Shot,2PT Field Goal,Restricted Area,1,-8,11,1
Jump Shot,2PT Field Goal,Mid-Range,17,117,127,0
Jump Shot,3PT Field Goal,Above the Break 3,28,17,285,1
Pullup Jump shot,3PT Field Goal,Above the Break 3,25,117,227,1
Jump Shot,2PT Field Goal,Mid-Range,21,-101,193,0
Driving Finger Roll Layup Shot,2PT Field Goal,Restricted Area,2,16,20,1
Jump Shot,3PT Field Goal,Above the Break 3,27,194,199,1
Turnaround Jump Shot,2PT Field Goal,Mid-Range,16,163,27,0
Jump Shot,3PT Field Goal,Left Corner 3,22,-228,22,1
Jump Shot,3PT Field Goal,Above the Break 3,26,-3,268,0
Step Back Jump shot,3PT Field Goal,Above the Break 3,28,-175,221,1
Jump Shot,3PT Field Goal,Above the Break 3,26,100,243,0
Step Back Jump shot,2PT Field Goal,Mid-Range,19,-130,141,0
Cutting Layup Shot,2PT Field Goal,Restricted Area,2,16,23,1
Cutting Layup Shot,2PT Field Goal,Restricted Area,2,6,27,1
Pullup Jump shot,3PT Field Goal,Above the Break 3,26,-148,216,1
Jump Shot,3PT Field Goal,Above the Break 3,26,-182,191,0
Running Layup Shot,2PT Field Goal,Restricted Area,3,4,34,1
Jump Shot,3PT Field Goal,Above the Break 3,27,-128,238,0
Driving Reverse Layup Shot,2PT Field Goal,Restricted Area,2,-23,8,1
Turnaround Jump Shot,2PT Field Goal,In The Paint (Non-RA),11,11,115,1
Jump Shot,3PT Field Goal,Above the Break 3,26,204,172,1
Step Back Jump shot,3PT Field Goal,Left Corner 3,22,-228,27,0
Jump Shot,2PT Field Goal,Mid-Range,20,59,195,1
Driving Finger Roll Layup Shot,2PT Field Goal,In The Paint (Non-RA),8,33,78,1
Layup Shot,2PT Field Goal,Restricted Area,3,-2,37,0
Jump Shot,3PT Field Goal,Above the Break 3,26,-129,231,0
Jump Shot,2PT Field Goal,Mid-Range,13,-130,-4,0
Jump Shot,3PT Field Goal,Right Corner 3,22,229,21,0
Jump Shot,3PT Field Goal,Above the Break 3,25,-139,216,0
Layup Shot,2PT Field Goal,Restricted Area,1,6,13,1
Jump Shot,3PT Field Goal,Above the Break 3,28,175,219,0
Step Back Jump shot,3PT Field Goal,Above the Break 3,30,-201,224,1
Step Back Jump shot,2PT Field Goal,Mid-Range,18,-180,-15,0
Jump Shot,3PT Field Goal,Above the Break 3,26,73,255,1
Jump Shot,3PT Field Goal,Above the Break 3,23,132,199,0
Jump Shot,2PT Field Goal,Mid-Range,12,-129,-15,1